order_id,customer_type,region,demand_qty,production_delay,transport_delay,total_delay,otif
1,E-commerce,South,190,3,2,5,0
2,Retail,South,224,1,1,2,1
3,E-commerce,East,97,0,1,1,1
4,E-commerce,Central,265,1,0,1,1
5,Retail,Central,82,1,1,2,1
6,Retail,Central,428,1,0,1,1
7,E-commerce,East,188,1,1,2,1
8,Distributor,South,221,3,2,5,0
9,E-commerce,East,302,1,1,2,1
10,E-commerce,South,243,1,0,1,1
11,E-commerce,East,474,2,1,3,0
12,E-commerce,East,248,2,3,5,0
13,Retail,South,232,2,0,2,1
14,E-commerce,Central,128,2,0,2,1
15,Distributor,South,322,2,3,5,0
16,Retail,North,273,2,3,5,0
17,Distributor,North,216,2,1,3,0
18,Distributor,South,104,3,1,4,0
19,Distributor,East,382,1,0,1,1
20,Distributor,North,231,3,0,3,0
21,Retail,North,375,0,1,1,1
22,Retail,East,285,1,0,1,1
23,Distributor,East,389,0,0,0,1
24,Distributor,Central,240,1,0,1,1
25,Retail,East,318,0,1,1,1
26,Retail,South,128,1,0,1,1
27,Retail,South,277,0,0,0,1
28,E-commerce,Central,442,1,0,1,1
29,E-commerce,North,282,1,1,2,1
30,E-commerce,North,73,5,3,8,0
31,Distributor,East,307,0,0,0,1
32,E-commerce,South,359,2,0,2,1
33,Distributor,North,422,0,0,0,1
34,Distributor,Central,412,2,1,3,0
35,E-commerce,Central,20,1,0,1,1
36,Distributor,South,107,1,2,3,0
37,E-commerce,Central,443,2,0,2,1
38,E-commerce,Central,80,2,0,2,1
39,Retail,South,373,1,4,5,0
40,E-commerce,East,67,1,0,1,1
41,Retail,East,299,4,1,5,0
42,E-commerce,Central,260,2,2,4,0
43,E-commerce,East,285,4,1,5,0
44,Retail,East,59,1,1,2,1
45,Retail,Central,367,1,1,2,1
46,E-commerce,East,225,0,1,1,1
47,Distributor,Central,403,1,1,2,1
48,Retail,North,425,2,2,4,0
49,Distributor,South,61,1,1,2,1
50,Distributor,South,280,1,0,1,1
51,Distributor,East,494,1,0,1,1
52,Retail,East,93,2,2,4,0
53,Distributor,East,396,3,1,4,0
54,Retail,South,302,1,2,3,0
55,Distributor,North,135,1,1,2,1
56,E-commerce,North,305,0,3,3,0
57,E-commerce,South,81,2,0,2,1
58,Retail,North,305,1,0,1,1
59,E-commerce,South,245,1,1,2,1
60,E-commerce,North,65,3,1,4,0
61,Distributor,Central,416,1,1,2,1
62,Retail,Central,369,2,0,2,1
63,Distributor,South,404,1,2,3,0
64,Distributor,North,119,1,0,1,1
65,Distributor,East,201,1,1,2,1
66,Distributor,North,401,1,0,1,1
67,Distributor,Central,102,4,1,5,0
68,Distributor,Central,359,2,0,2,1
69,Distributor,North,65,1,2,3,0
70,Retail,North,69,2,1,3,0
71,E-commerce,East,147,3,2,5,0
72,Distributor,East,48,2,0,2,1
73,Distributor,North,37,1,0,1,1
74,Distributor,North,58,3,2,5,0
75,Distributor,North,429,3,0,3,0
76,Distributor,North,134,2,0,2,1
77,Distributor,South,22,0,0,0,1
78,E-commerce,North,489,2,1,3,0
79,E-commerce,East,45,0,3,3,0
80,Distributor,Central,110,0,2,2,1
81,E-commerce,South,291,2,0,2,1
82,Retail,North,95,3,0,3,0
83,Distributor,Central,13,0,2,2,1
84,Retail,South,232,3,1,4,0
85,Retail,Central,347,0,0,0,1
86,Distributor,North,457,0,0,0,1
87,E-commerce,North,175,2,0,2,1
88,Retail,East,392,1,0,1,1
89,Distributor,North,353,0,4,4,0
90,Retail,North,392,1,2,3,0
91,Retail,South,385,2,1,3,0
92,Retail,East,480,0,1,1,1
93,Retail,South,287,3,1,4,0
94,E-commerce,Central,139,0,0,0,1
95,Retail,North,40,0,1,1,1
96,Retail,Central,384,0,0,0,1
97,Retail,South,20,2,0,2,1
98,E-commerce,North,485,1,2,3,0
99,Retail,North,311,0,1,1,1
100,Retail,South,105,4,0,4,0
101,E-commerce,South,199,3,0,3,0
102,E-commerce,South,462,1,2,3,0
103,E-commerce,South,201,1,0,1,1
104,Retail,South,495,2,0,2,1
105,E-commerce,North,275,1,1,2,1
106,E-commerce,South,433,5,0,5,0
107,Retail,North,137,2,1,3,0
108,E-commerce,North,247,0,1,1,1
109,Retail,South,417,0,1,1,1
110,Distributor,South,364,0,1,1,1
111,E-commerce,East,437,3,1,4,0
112,Distributor,North,121,1,0,1,1
113,Retail,South,325,4,1,5,0
114,E-commerce,South,455,3,1,4,0
115,Retail,South,352,3,0,3,0
116,Distributor,East,154,2,1,3,0
117,Retail,East,74,1,2,3,0
118,E-commerce,Central,256,0,2,2,1
119,E-commerce,North,232,0,1,1,1
120,Distributor,Central,488,0,1,1,1
121,Retail,South,499,1,1,2,1
122,E-commerce,East,322,1,1,2,1
123,Distributor,East,448,1,2,3,0
124,E-commerce,Central,115,1,1,2,1
125,E-commerce,East,190,2,0,2,1
126,Retail,South,193,1,0,1,1
127,E-commerce,East,235,1,2,3,0
128,Retail,Central,274,1,0,1,1
129,E-commerce,South,287,2,2,4,0
130,Distributor,Central,406,0,1,1,1
131,E-commerce,East,98,1,1,2,1
132,Retail,Central,185,0,1,1,1
133,Retail,Central,27,0,2,2,1
134,Distributor,North,380,0,1,1,1
135,E-commerce,East,469,2,4,6,0
136,E-commerce,East,433,3,0,3,0
137,Distributor,Central,410,3,1,4,0
138,E-commerce,North,408,0,2,2,1
139,E-commerce,East,115,1,0,1,1
140,Retail,South,280,1,0,1,1
141,E-commerce,Central,472,2,0,2,1
142,E-commerce,East,328,2,1,3,0
143,Distributor,South,176,1,0,1,1
144,Distributor,East,22,0,5,5,0
145,Retail,South,346,1,1,2,1
146,E-commerce,Central,41,1,2,3,0
147,E-commerce,East,402,1,1,2,1
148,E-commerce,East,49,1,1,2,1
149,Retail,North,157,2,2,4,0
150,Retail,Central,227,3,2,5,0
151,Distributor,South,228,2,0,2,1
152,Retail,East,478,0,2,2,1
153,E-commerce,East,91,2,1,3,0
154,E-commerce,South,342,0,0,0,1
155,Retail,Central,217,2,0,2,1
156,E-commerce,North,210,2,1,3,0
157,E-commerce,North,456,1,0,1,1
158,Retail,East,341,2,1,3,0
159,Retail,South,437,0,1,1,1
160,E-commerce,East,47,1,1,2,1
161,E-commerce,South,220,1,1,2,1
162,E-commerce,North,453,0,0,0,1
163,Distributor,Central,336,1,0,1,1
164,Distributor,South,258,2,0,2,1
165,Distributor,North,236,1,1,2,1
166,Retail,East,57,3,1,4,0
167,Distributor,South,27,1,3,4,0
168,Retail,Central,409,1,0,1,1
169,Retail,East,448,1,1,2,1
170,Distributor,East,304,1,1,2,1
171,Distributor,North,205,1,0,1,1
172,Distributor,South,196,1,1,2,1
173,E-commerce,East,354,2,2,4,0
174,Distributor,Central,233,0,3,3,0
175,E-commerce,South,327,2,1,3,0
176,Retail,Central,497,5,0,5,0
177,E-commerce,East,406,0,0,0,1
178,Distributor,Central,374,2,0,2,1
179,Retail,North,346,1,3,4,0
180,Retail,Central,238,1,0,1,1
181,Retail,South,399,1,0,1,1
182,E-commerce,Central,476,1,0,1,1
183,Distributor,Central,86,2,1,3,0
184,Retail,North,197,0,2,2,1
185,Retail,Central,355,1,2,3,0
186,Retail,Central,279,1,0,1,1
187,E-commerce,East,104,1,2,3,0
188,E-commerce,East,319,2,0,2,1
189,Distributor,South,141,1,1,2,1
190,E-commerce,East,48,1,0,1,1
191,Retail,East,81,2,0,2,1
192,Distributor,East,290,1,1,2,1
193,Retail,East,342,2,0,2,1
194,Retail,North,169,1,2,3,0
195,E-commerce,East,196,1,2,3,0
196,Distributor,North,495,2,0,2,1
197,E-commerce,North,200,1,1,2,1
198,E-commerce,East,431,1,1,2,1
199,Distributor,Central,129,0,3,3,0
200,Retail,North,229,2,1,3,0
201,Retail,Central,62,1,2,3,0
202,Distributor,Central,231,2,1,3,0
203,Retail,East,460,2,0,2,1
204,Distributor,South,421,1,1,2,1
205,Distributor,East,140,2,0,2,1
206,E-commerce,South,246,3,2,5,0
207,Distributor,South,255,4,0,4,0
208,E-commerce,East,235,1,1,2,1
209,Retail,East,217,4,0,4,0
210,Retail,South,415,0,2,2,1
211,Retail,East,105,1,0,1,1
212,Retail,South,431,0,2,2,1
213,E-commerce,Central,209,0,0,0,1
214,Retail,East,256,3,2,5,0
215,Distributor,Central,81,1,3,4,0
216,Distributor,North,327,2,0,2,1
217,Distributor,Central,194,0,4,4,0
218,E-commerce,Central,15,0,0,0,1
219,Retail,South,215,3,1,4,0
220,Retail,Central,41,2,0,2,1
221,Retail,East,108,2,0,2,1
222,E-commerce,South,403,6,2,8,0
223,Distributor,North,396,0,0,0,1
224,Distributor,East,265,2,2,4,0
225,Retail,North,196,0,1,1,1
226,Distributor,Central,85,0,0,0,1
227,Distributor,East,186,5,1,6,0
228,E-commerce,East,324,2,1,3,0
229,E-commerce,North,296,2,1,3,0
230,E-commerce,East,358,2,1,3,0
231,E-commerce,East,264,1,0,1,1
232,Retail,East,334,3,0,3,0
233,E-commerce,Central,199,2,1,3,0
234,Distributor,North,317,3,1,4,0
235,Retail,East,354,2,1,3,0
236,Distributor,South,136,0,1,1,1
237,Distributor,South,434,1,0,1,1
238,Distributor,South,296,0,1,1,1
239,E-commerce,South,263,2,1,3,0
240,E-commerce,Central,222,3,1,4,0
241,Retail,East,259,5,2,7,0
242,Retail,North,93,1,0,1,1
243,E-commerce,East,496,2,1,3,0
244,Distributor,Central,392,1,1,2,1
245,Retail,South,415,1,1,2,1
246,E-commerce,Central,397,2,0,2,1
247,E-commerce,East,22,3,0,3,0
248,E-commerce,North,54,2,2,4,0
249,Distributor,Central,136,1,1,2,1
250,E-commerce,North,435,1,1,2,1
251,E-commerce,Central,123,2,0,2,1
252,E-commerce,North,442,1,3,4,0
253,E-commerce,North,285,1,0,1,1
254,Retail,South,214,2,1,3,0
255,Retail,North,346,0,1,1,1
256,E-commerce,South,447,1,0,1,1
257,Distributor,East,429,2,0,2,1
258,Retail,East,490,4,2,6,0
259,E-commerce,South,394,0,1,1,1
260,Retail,South,408,2,0,2,1
261,Retail,Central,470,2,2,4,0
262,Distributor,Central,282,1,0,1,1
263,E-commerce,Central,417,1,3,4,0
264,E-commerce,East,67,1,1,2,1
265,Distributor,Central,337,2,1,3,0
266,Distributor,North,228,2,0,2,1
267,E-commerce,North,118,2,1,3,0
268,E-commerce,Central,288,2,1,3,0
269,Distributor,North,183,1,2,3,0
270,Retail,East,337,3,2,5,0
271,Retail,North,273,1,0,1,1
272,Distributor,East,324,0,0,0,1
273,Retail,South,483,1,0,1,1
274,Distributor,South,120,0,1,1,1
275,Retail,South,196,0,1,1,1
276,Retail,South,278,0,3,3,0
277,E-commerce,North,432,0,2,2,1
278,E-commerce,Central,238,0,0,0,1
279,Retail,North,165,1,0,1,1
280,Retail,East,482,0,1,1,1
281,E-commerce,North,198,1,2,3,0
282,E-commerce,North,281,0,1,1,1
283,E-commerce,East,384,0,0,0,1
284,Distributor,South,11,2,2,4,0
285,Retail,South,255,0,1,1,1
286,E-commerce,South,219,2,1,3,0
287,Retail,Central,410,3,0,3,0
288,Distributor,East,295,0,2,2,1
289,Distributor,East,368,0,1,1,1
290,E-commerce,North,22,1,1,2,1
291,Distributor,Central,105,3,2,5,0
292,Retail,South,230,3,1,4,0
293,E-commerce,Central,247,0,0,0,1
294,Retail,East,103,0,1,1,1
295,Retail,East,347,1,0,1,1
296,Distributor,North,278,2,2,4,0
297,Distributor,North,180,1,1,2,1
298,Distributor,East,478,4,2,6,0
299,Distributor,South,103,0,1,1,1
300,Distributor,South,158,2,1,3,0
301,E-commerce,Central,121,0,3,3,0
302,Retail,East,64,1,0,1,1
303,Retail,East,346,2,1,3,0
304,Retail,South,433,0,2,2,1
305,Retail,South,476,3,0,3,0
306,Distributor,East,125,0,3,3,0
307,Retail,North,152,2,0,2,1
308,E-commerce,East,210,1,1,2,1
309,E-commerce,East,189,1,2,3,0
310,Retail,South,211,1,0,1,1
311,Retail,South,373,3,1,4,0
312,E-commerce,North,488,0,0,0,1
313,E-commerce,North,62,0,0,0,1
314,Distributor,Central,480,0,1,1,1
315,E-commerce,East,393,3,1,4,0
316,Distributor,South,189,1,1,2,1
317,Distributor,North,423,0,0,0,1
318,Distributor,Central,426,2,1,3,0
319,Distributor,Central,322,2,1,3,0
320,Distributor,South,317,1,2,3,0
321,Retail,South,146,0,0,0,1
322,E-commerce,Central,191,2,2,4,0
323,Distributor,North,376,3,1,4,0
324,E-commerce,Central,10,2,0,2,1
325,E-commerce,East,53,1,3,4,0
326,Distributor,East,236,1,0,1,1
327,Retail,South,340,1,1,2,1
328,Distributor,North,107,0,1,1,1
329,Retail,North,217,3,1,4,0
330,E-commerce,East,274,2,0,2,1
331,Retail,Central,297,0,2,2,1
332,Retail,South,280,3,1,4,0
333,Retail,Central,149,1,1,2,1
334,E-commerce,Central,490,2,0,2,1
335,E-commerce,Central,246,3,1,4,0
336,Retail,North,471,0,2,2,1
337,Retail,East,450,1,0,1,1
338,Distributor,North,401,0,1,1,1
339,Retail,East,81,3,1,4,0
340,Distributor,South,164,1,0,1,1
341,Retail,South,199,1,0,1,1
342,Distributor,Central,277,3,1,4,0
343,E-commerce,East,330,0,3,3,0
344,Retail,East,116,3,1,4,0
345,Retail,East,241,3,1,4,0
346,Retail,Central,51,0,0,0,1
347,Retail,Central,199,1,1,2,1
348,Distributor,South,380,2,0,2,1
349,Retail,North,148,3,0,3,0
350,E-commerce,East,112,2,0,2,1
351,E-commerce,East,180,1,1,2,1
352,Retail,North,360,4,2,6,0
353,E-commerce,East,282,1,2,3,0
354,Retail,Central,490,2,1,3,0
355,Retail,Central,425,2,2,4,0
356,E-commerce,East,230,3,1,4,0
357,Retail,Central,222,1,0,1,1
358,E-commerce,Central,350,1,1,2,1
359,Distributor,East,433,1,3,4,0
360,Retail,South,416,1,2,3,0
361,Distributor,North,65,5,3,8,0
362,E-commerce,Central,399,0,2,2,1
363,Distributor,South,351,2,1,3,0
364,Distributor,Central,443,1,2,3,0
365,E-commerce,Central,111,3,1,4,0
366,Distributor,North,430,3,0,3,0
367,Distributor,Central,201,0,1,1,1
368,E-commerce,North,319,3,1,4,0
369,Distributor,North,209,0,0,0,1
370,E-commerce,North,242,1,2,3,0
371,Distributor,South,442,1,0,1,1
372,E-commerce,East,236,0,0,0,1
373,E-commerce,South,380,2,1,3,0
374,Distributor,East,148,0,1,1,1
375,Distributor,East,353,1,1,2,1
376,Distributor,North,314,2,2,4,0
377,Retail,Central,158,1,0,1,1
378,Retail,North,124,1,1,2,1
379,Retail,Central,459,2,2,4,0
380,E-commerce,East,72,3,2,5,0
381,Distributor,North,113,1,0,1,1
382,E-commerce,Central,348,0,4,4,0
383,Retail,South,368,1,0,1,1
384,Distributor,Central,165,5,1,6,0
385,E-commerce,North,282,1,3,4,0
386,Distributor,South,15,2,0,2,1
387,E-commerce,Central,156,1,0,1,1
388,Distributor,Central,193,1,0,1,1
389,Retail,Central,495,3,1,4,0
390,Retail,Central,37,0,2,2,1
391,Distributor,Central,459,0,0,0,1
392,E-commerce,South,47,2,1,3,0
393,Retail,East,128,3,2,5,0
394,Retail,South,302,1,1,2,1
395,Retail,South,380,1,1,2,1
396,Distributor,South,253,3,3,6,0
397,Distributor,East,77,1,2,3,0
398,E-commerce,North,223,0,3,3,0
399,E-commerce,East,227,4,1,5,0
400,E-commerce,South,186,1,2,3,0
401,Distributor,Central,308,3,1,4,0
402,Distributor,Central,173,0,0,0,1
403,E-commerce,South,67,1,1,2,1
404,E-commerce,Central,278,0,3,3,0
405,Distributor,South,317,3,1,4,0
406,E-commerce,Central,67,0,1,1,1
407,Retail,East,297,1,3,4,0
408,Distributor,North,474,1,1,2,1
409,E-commerce,North,114,2,1,3,0
410,Distributor,East,237,2,2,4,0
411,Retail,East,256,3,2,5,0
412,Distributor,South,197,4,1,5,0
413,Distributor,South,92,2,3,5,0
414,Distributor,South,195,1,0,1,1
415,Distributor,Central,261,1,0,1,1
416,Retail,South,364,2,2,4,0
417,Distributor,East,247,0,1,1,1
418,Distributor,North,369,1,0,1,1
419,E-commerce,Central,193,1,1,2,1
420,Distributor,South,293,0,1,1,1
421,E-commerce,Central,394,1,1,2,1
422,Retail,Central,435,1,0,1,1
423,Retail,South,219,1,2,3,0
424,Retail,Central,313,1,1,2,1
425,Retail,North,305,4,1,5,0
426,E-commerce,East,106,2,1,3,0
427,Distributor,East,456,2,0,2,1
428,Retail,North,469,1,1,2,1
429,Distributor,Central,465,1,1,2,1
430,E-commerce,South,481,0,1,1,1
431,E-commerce,Central,217,0,3,3,0
432,E-commerce,North,379,2,2,4,0
433,Retail,Central,397,0,0,0,1
434,Distributor,East,431,0,1,1,1
435,Distributor,Central,420,2,0,2,1
436,Distributor,North,146,0,2,2,1
437,E-commerce,East,376,2,0,2,1
438,Retail,Central,409,0,1,1,1
439,E-commerce,Central,193,3,0,3,0
440,E-commerce,East,85,1,1,2,1
441,Distributor,South,296,2,0,2,1
442,E-commerce,East,481,1,0,1,1
443,Distributor,South,384,1,1,2,1
444,Retail,North,151,2,0,2,1
445,Distributor,North,246,2,1,3,0
446,Retail,East,34,2,2,4,0
447,Distributor,East,299,1,1,2,1
448,E-commerce,North,76,0,2,2,1
449,E-commerce,South,259,2,1,3,0
450,Retail,North,417,1,3,4,0
451,Retail,East,127,3,0,3,0
452,Retail,North,499,5,0,5,0
453,Distributor,East,82,2,0,2,1
454,Distributor,East,291,1,2,3,0
455,Retail,North,413,2,3,5,0
456,E-commerce,South,457,1,1,2,1
457,Distributor,Central,369,1,3,4,0
458,Distributor,North,19,1,1,2,1
459,Distributor,Central,220,2,1,3,0
460,Retail,North,332,2,3,5,0
461,Retail,Central,161,0,0,0,1
462,Retail,South,14,1,1,2,1
463,Retail,South,204,0,0,0,1
464,Retail,North,451,1,0,1,1
465,E-commerce,East,292,1,1,2,1
466,E-commerce,Central,473,0,3,3,0
467,Retail,East,122,0,5,5,0
468,Distributor,East,280,1,1,2,1
469,Retail,East,172,1,0,1,1
470,E-commerce,South,469,1,2,3,0
471,E-commerce,North,114,2,2,4,0
472,Distributor,North,190,2,1,3,0
473,E-commerce,South,53,3,1,4,0
474,Retail,South,291,4,0,4,0
475,Distributor,North,184,1,0,1,1
476,Retail,East,171,1,0,1,1
477,Retail,Central,480,1,4,5,0
478,Distributor,Central,360,2,2,4,0
479,Retail,Central,443,2,0,2,1
480,E-commerce,East,349,0,3,3,0
481,Retail,North,149,1,0,1,1
482,Distributor,South,480,1,2,3,0
483,Distributor,North,141,1,1,2,1
484,Distributor,East,96,1,1,2,1
485,Retail,South,185,1,3,4,0
486,Distributor,East,192,1,0,1,1
487,Distributor,Central,377,2,2,4,0
488,Retail,Central,138,0,1,1,1
489,E-commerce,East,255,2,2,4,0
490,Retail,South,98,0,0,0,1
491,Distributor,South,75,0,2,2,1
492,Distributor,North,167,0,2,2,1
493,Retail,Central,396,0,1,1,1
494,E-commerce,North,387,2,1,3,0
495,Distributor,North,158,1,0,1,1
496,Distributor,East,482,1,0,1,1
497,Distributor,East,349,5,3,8,0
498,Retail,North,442,0,0,0,1
499,Distributor,Central,125,2,0,2,1
500,E-commerce,East,223,4,2,6,0
501,Distributor,North,478,4,0,4,0
502,Distributor,North,455,3,1,4,0
503,E-commerce,North,490,2,0,2,1
504,Distributor,North,381,1,1,2,1
505,Retail,North,303,0,3,3,0
506,Retail,North,262,0,0,0,1
507,Retail,East,152,1,1,2,1
508,E-commerce,Central,259,2,4,6,0
509,Distributor,North,375,3,2,5,0
510,Retail,South,445,2,0,2,1
511,E-commerce,East,472,0,0,0,1
512,Distributor,East,311,1,3,4,0
513,E-commerce,North,34,1,2,3,0
514,Retail,East,286,2,1,3,0
515,Retail,North,481,1,1,2,1
516,Retail,Central,386,4,3,7,0
517,E-commerce,Central,387,1,1,2,1
518,E-commerce,East,398,1,0,1,1
519,Retail,East,79,0,1,1,1
520,E-commerce,South,122,2,1,3,0
521,Retail,East,372,0,1,1,1
522,Retail,South,121,1,0,1,1
523,Distributor,Central,373,1,0,1,1
524,E-commerce,Central,312,2,1,3,0
525,Retail,North,480,2,1,3,0
526,Retail,Central,461,1,1,2,1
527,E-commerce,South,100,0,1,1,1
528,Distributor,East,27,3,2,5,0
529,Distributor,North,158,0,0,0,1
530,Retail,South,485,5,1,6,0
531,E-commerce,East,236,1,0,1,1
532,Distributor,North,223,1,0,1,1
533,E-commerce,Central,369,0,0,0,1
534,E-commerce,South,160,0,1,1,1
535,Retail,East,201,2,0,2,1
536,Distributor,North,460,3,0,3,0
537,Retail,North,49,4,6,10,0
538,Distributor,Central,251,3,0,3,0
539,Distributor,East,147,2,1,3,0
540,Distributor,Central,354,2,2,4,0
541,Distributor,Central,189,3,0,3,0
542,Distributor,East,209,0,1,1,1
543,E-commerce,East,212,0,0,0,1
544,Retail,East,70,4,1,5,0
545,E-commerce,South,201,2,1,3,0
546,Distributor,East,14,2,2,4,0
547,Retail,North,387,1,2,3,0
548,Distributor,Central,246,2,2,4,0
549,Retail,South,190,2,1,3,0
550,E-commerce,East,320,4,0,4,0
551,Retail,South,46,1,2,3,0
552,Retail,East,65,1,1,2,1
553,Retail,South,452,1,4,5,0
554,Retail,Central,246,0,1,1,1
555,Retail,Central,367,0,0,0,1
556,Distributor,North,358,0,0,0,1
557,Retail,North,206,2,0,2,1
558,Retail,East,82,2,0,2,1
559,E-commerce,Central,68,1,2,3,0
560,Retail,South,249,1,0,1,1
561,E-commerce,South,11,0,1,1,1
562,Distributor,South,458,2,0,2,1
563,Retail,North,369,1,1,2,1
564,E-commerce,South,197,1,0,1,1
565,E-commerce,North,316,1,2,3,0
566,Distributor,North,39,2,2,4,0
567,Retail,East,276,4,0,4,0
568,Retail,South,485,1,0,1,1
569,E-commerce,South,117,0,1,1,1
570,Retail,Central,341,3,1,4,0
571,E-commerce,East,432,1,2,3,0
572,Retail,Central,99,0,3,3,0
573,E-commerce,East,214,0,2,2,1
574,Retail,South,388,2,0,2,1
575,Distributor,North,465,1,2,3,0
576,Retail,North,456,5,0,5,0
577,Retail,North,457,2,0,2,1
578,Distributor,North,454,2,1,3,0
579,Retail,North,390,0,0,0,1
580,Distributor,Central,447,2,2,4,0
581,Retail,East,229,3,1,4,0
582,E-commerce,South,387,3,1,4,0
583,E-commerce,Central,103,2,2,4,0
584,Retail,East,466,1,1,2,1
585,Retail,North,112,1,2,3,0
586,Retail,East,232,1,0,1,1
587,E-commerce,East,195,1,0,1,1
588,Retail,North,478,1,0,1,1
589,E-commerce,North,193,2,0,2,1
590,Distributor,North,171,5,1,6,0
591,E-commerce,South,256,1,1,2,1
592,E-commerce,North,40,1,0,1,1
593,Distributor,South,61,2,0,2,1
594,E-commerce,North,354,1,1,2,1
595,Retail,South,85,0,4,4,0
596,Retail,East,394,3,3,6,0
597,E-commerce,Central,448,3,1,4,0
598,Retail,East,287,5,0,5,0
599,E-commerce,East,49,2,4,6,0
600,Retail,North,110,0,0,0,1
601,Retail,South,120,1,1,2,1
602,E-commerce,Central,394,3,1,4,0
603,Retail,North,330,4,1,5,0
604,E-commerce,North,258,4,0,4,0
605,Retail,North,200,2,2,4,0
606,Retail,East,499,1,1,2,1
607,Distributor,South,191,1,1,2,1
608,Distributor,South,435,1,0,1,1
609,E-commerce,Central,414,0,2,2,1
610,Distributor,South,344,2,2,4,0
611,E-commerce,South,218,2,0,2,1
612,Distributor,North,31,0,1,1,1
613,Retail,North,175,1,0,1,1
614,E-commerce,East,108,2,1,3,0
615,E-commerce,North,217,2,2,4,0
616,Retail,North,17,3,1,4,0
617,E-commerce,North,199,2,0,2,1
618,E-commerce,North,184,4,0,4,0
619,Distributor,East,282,2,1,3,0
620,E-commerce,North,26,1,0,1,1
621,Retail,Central,99,0,2,2,1
622,Distributor,Central,150,2,0,2,1
623,Distributor,Central,154,2,2,4,0
624,Retail,Central,175,3,0,3,0
625,Retail,North,346,1,3,4,0
626,Distributor,Central,87,2,1,3,0
627,E-commerce,North,438,3,0,3,0
628,Distributor,East,271,0,0,0,1
629,Retail,Central,172,1,0,1,1
630,Distributor,South,375,3,1,4,0
631,Retail,Central,23,1,4,5,0
632,Distributor,Central,248,1,0,1,1
633,E-commerce,North,81,4,1,5,0
634,Distributor,Central,454,0,1,1,1
635,Distributor,South,152,2,0,2,1
636,Retail,North,319,4,1,5,0
637,Retail,North,292,2,1,3,0
638,Retail,East,278,2,0,2,1
639,Distributor,East,250,2,0,2,1
640,E-commerce,Central,424,1,1,2,1
641,Retail,East,254,1,0,1,1
642,Retail,East,172,2,1,3,0
643,Distributor,East,69,1,1,2,1
644,Retail,North,15,2,2,4,0
645,E-commerce,North,206,0,1,1,1
646,E-commerce,North,479,0,0,0,1
647,Retail,East,67,2,1,3,0
648,Retail,North,314,3,3,6,0
649,Distributor,East,416,0,0,0,1
650,E-commerce,North,226,3,1,4,0
651,E-commerce,North,427,2,1,3,0
652,Retail,South,35,3,0,3,0
653,Distributor,Central,312,1,2,3,0
654,E-commerce,East,14,2,1,3,0
655,E-commerce,South,483,0,1,1,1
656,Distributor,North,29,2,0,2,1
657,Distributor,East,399,1,2,3,0
658,E-commerce,North,207,0,0,0,1
659,E-commerce,Central,68,3,0,3,0
660,Distributor,South,457,1,2,3,0
661,E-commerce,Central,251,2,1,3,0
662,Retail,South,155,1,0,1,1
663,Retail,North,397,0,0,0,1
664,Distributor,Central,282,0,0,0,1
665,Distributor,Central,258,1,2,3,0
666,Distributor,North,23,2,2,4,0
667,Retail,Central,471,1,1,2,1
668,E-commerce,East,22,1,1,2,1
669,Retail,South,400,1,1,2,1
670,E-commerce,South,393,0,1,1,1
671,Retail,South,53,0,1,1,1
672,E-commerce,East,384,0,2,2,1
673,Retail,South,408,1,1,2,1
674,Distributor,North,28,3,2,5,0
675,Retail,Central,72,1,1,2,1
676,E-commerce,East,248,2,0,2,1
677,Retail,South,428,3,2,5,0
678,Retail,North,346,0,0,0,1
679,Retail,Central,428,1,1,2,1
680,Distributor,Central,412,2,2,4,0
681,Retail,East,413,2,0,2,1
682,Distributor,East,109,5,1,6,0
683,Distributor,East,172,4,3,7,0
684,Retail,North,425,2,0,2,1
685,Retail,North,131,1,2,3,0
686,Retail,East,441,0,0,0,1
687,E-commerce,South,53,2,1,3,0
688,Retail,Central,369,2,2,4,0
689,Distributor,Central,417,3,1,4,0
690,Retail,North,326,1,0,1,1
691,E-commerce,Central,390,1,1,2,1
692,Retail,South,154,1,1,2,1
693,E-commerce,Central,336,2,2,4,0
694,E-commerce,North,372,0,2,2,1
695,Retail,North,59,1,2,3,0
696,Distributor,South,74,0,0,0,1
697,E-commerce,South,364,2,0,2,1
698,Retail,Central,297,1,0,1,1
699,Retail,Central,173,4,0,4,0
700,Distributor,North,150,1,0,1,1
701,E-commerce,South,463,0,1,1,1
702,E-commerce,South,323,1,0,1,1
703,Retail,South,137,2,2,4,0
704,Retail,Central,407,0,1,1,1
705,Distributor,South,430,0,0,0,1
706,Distributor,North,377,2,0,2,1
707,E-commerce,North,472,5,6,11,0
708,E-commerce,Central,248,0,0,0,1
709,Retail,East,333,0,0,0,1
710,E-commerce,Central,305,0,1,1,1
711,Distributor,East,196,3,2,5,0
712,Distributor,South,217,4,1,5,0
713,Retail,Central,229,3,1,4,0
714,Distributor,North,409,0,1,1,1
715,Distributor,South,199,1,0,1,1
716,Distributor,North,397,3,1,4,0
717,Distributor,South,438,2,1,3,0
718,Retail,Central,355,1,0,1,1
719,Retail,East,293,1,0,1,1
720,E-commerce,South,361,3,0,3,0
721,Distributor,East,246,1,1,2,1
722,E-commerce,South,203,2,1,3,0
723,Retail,North,296,2,0,2,1
724,Retail,North,268,2,1,3,0
725,Retail,South,255,0,3,3,0
726,Retail,East,145,4,1,5,0
727,Retail,Central,289,1,2,3,0
728,Retail,Central,280,1,0,1,1
729,Retail,North,180,0,0,0,1
730,Distributor,Central,168,2,1,3,0
731,E-commerce,North,210,0,0,0,1
732,Retail,Central,496,1,1,2,1
733,Distributor,South,54,2,1,3,0
734,Distributor,North,459,1,1,2,1
735,E-commerce,North,273,0,2,2,1
736,Retail,South,80,2,1,3,0
737,E-commerce,North,373,0,0,0,1
738,Retail,Central,380,0,1,1,1
739,Distributor,Central,112,2,1,3,0
740,Distributor,North,499,1,2,3,0
741,Distributor,Central,134,3,1,4,0
742,Distributor,East,322,3,0,3,0
743,E-commerce,North,473,0,1,1,1
744,Retail,South,492,0,1,1,1
745,Retail,East,295,2,0,2,1
746,E-commerce,North,467,4,2,6,0
747,Retail,South,239,1,2,3,0
748,Distributor,Central,155,3,0,3,0
749,Retail,South,379,0,0,0,1
750,Distributor,East,206,3,2,5,0
751,E-commerce,Central,382,2,0,2,1
752,Retail,North,230,2,1,3,0
753,E-commerce,Central,432,4,2,6,0
754,Retail,North,69,1,1,2,1
755,Distributor,North,107,3,1,4,0
756,E-commerce,South,180,0,0,0,1
757,Retail,South,391,1,1,2,1
758,Distributor,South,182,1,0,1,1
759,E-commerce,East,160,2,1,3,0
760,E-commerce,East,462,1,0,1,1
761,Retail,South,359,0,1,1,1
762,Retail,East,399,2,0,2,1
763,Retail,Central,449,3,1,4,0
764,Distributor,Central,131,1,1,2,1
765,Retail,East,117,3,1,4,0
766,E-commerce,East,13,1,0,1,1
767,E-commerce,Central,102,1,0,1,1
768,Retail,North,416,5,1,6,0
769,Retail,Central,15,2,0,2,1
770,E-commerce,Central,297,0,1,1,1
771,Distributor,East,115,3,1,4,0
772,Retail,Central,155,0,2,2,1
773,Retail,East,280,1,0,1,1
774,E-commerce,East,433,0,0,0,1
775,Retail,South,387,3,1,4,0
776,Distributor,Central,105,1,1,2,1
777,E-commerce,North,466,1,0,1,1
778,Retail,South,238,3,0,3,0
779,E-commerce,East,211,2,2,4,0
780,Retail,East,221,2,0,2,1
781,Retail,North,15,2,1,3,0
782,Retail,East,121,2,1,3,0
783,Distributor,Central,385,2,3,5,0
784,Distributor,South,388,1,0,1,1
785,E-commerce,East,456,1,0,1,1
786,Retail,East,332,0,1,1,1
787,Retail,North,115,0,3,3,0
788,Distributor,Central,148,2,2,4,0
789,Retail,East,308,0,2,2,1
790,Distributor,North,410,1,1,2,1
791,Retail,East,105,1,0,1,1
792,E-commerce,North,397,2,0,2,1
793,Retail,North,456,2,0,2,1
794,Retail,Central,461,2,4,6,0
795,Distributor,East,346,0,0,0,1
796,Retail,Central,306,1,2,3,0
797,Retail,North,476,5,3,8,0
798,Distributor,South,398,2,1,3,0
799,E-commerce,East,425,1,1,2,1
800,E-commerce,South,223,1,2,3,0
801,Distributor,East,463,3,0,3,0
802,Distributor,Central,300,2,1,3,0
803,Distributor,Central,31,1,1,2,1
804,Distributor,Central,202,2,2,4,0
805,Distributor,Central,477,2,1,3,0
806,E-commerce,Central,159,0,0,0,1
807,E-commerce,South,377,1,2,3,0
808,Distributor,Central,256,2,0,2,1
809,Retail,North,276,1,0,1,1
810,Distributor,North,470,2,0,2,1
811,Retail,South,260,0,1,1,1
812,Distributor,East,499,1,0,1,1
813,Distributor,North,12,1,1,2,1
814,E-commerce,East,402,3,3,6,0
815,Retail,South,325,1,1,2,1
816,Retail,East,85,1,2,3,0
817,E-commerce,East,96,0,4,4,0
818,E-commerce,East,279,2,2,4,0
819,E-commerce,East,234,0,0,0,1
820,E-commerce,South,27,3,1,4,0
821,Retail,North,122,0,0,0,1
822,Retail,Central,260,1,0,1,1
823,Distributor,East,242,2,2,4,0
824,Distributor,North,338,4,2,6,0
825,E-commerce,North,288,1,0,1,1
826,E-commerce,South,211,4,2,6,0
827,E-commerce,North,92,0,0,0,1
828,Distributor,South,134,1,1,2,1
829,Distributor,East,184,2,0,2,1
830,Distributor,East,78,0,1,1,1
831,Distributor,Central,56,1,2,3,0
832,Distributor,Central,381,3,1,4,0
833,Distributor,Central,265,0,0,0,1
834,Distributor,North,224,1,1,2,1
835,E-commerce,East,39,1,1,2,1
836,E-commerce,South,290,3,0,3,0
837,E-commerce,Central,421,1,2,3,0
838,E-commerce,South,491,1,0,1,1
839,Distributor,South,246,4,0,4,0
840,Retail,Central,257,1,1,2,1
841,Distributor,East,377,3,1,4,0
842,Retail,Central,34,0,1,1,1
843,E-commerce,South,83,1,3,4,0
844,Distributor,Central,215,1,2,3,0
845,E-commerce,South,499,3,0,3,0
846,Distributor,South,323,1,1,2,1
847,E-commerce,Central,103,1,0,1,1
848,Retail,North,384,2,2,4,0
849,Retail,Central,136,2,0,2,1
850,Retail,North,434,1,3,4,0
851,Distributor,South,34,3,0,3,0
852,Retail,South,343,1,1,2,1
853,Distributor,North,364,3,0,3,0
854,Retail,South,125,2,0,2,1
855,Retail,North,57,1,2,3,0
856,Distributor,North,235,2,0,2,1
857,Distributor,South,275,0,1,1,1
858,Retail,East,108,2,1,3,0
859,Distributor,North,468,4,2,6,0
860,Retail,Central,20,1,3,4,0
861,Distributor,Central,94,1,1,2,1
862,E-commerce,South,414,2,1,3,0
863,E-commerce,East,223,2,3,5,0
864,E-commerce,South,182,2,1,3,0
865,E-commerce,East,400,3,1,4,0
866,E-commerce,North,218,2,2,4,0
867,Retail,North,457,0,1,1,1
868,E-commerce,North,391,0,1,1,1
869,E-commerce,North,73,0,2,2,1
870,E-commerce,Central,267,3,3,6,0
871,E-commerce,Central,341,2,0,2,1
872,Distributor,South,130,2,2,4,0
873,Retail,East,307,1,4,5,0
874,E-commerce,North,475,1,1,2,1
875,E-commerce,North,63,2,3,5,0
876,E-commerce,East,340,1,0,1,1
877,Retail,East,281,3,0,3,0
878,Distributor,South,250,3,1,4,0
879,Retail,East,252,2,1,3,0
880,Distributor,North,27,1,0,1,1
881,E-commerce,North,492,3,0,3,0
882,E-commerce,North,196,4,2,6,0
883,Retail,North,355,2,1,3,0
884,Retail,North,153,2,0,2,1
885,Distributor,South,271,0,2,2,1
886,Distributor,North,450,1,2,3,0
887,Retail,South,373,1,0,1,1
888,Distributor,North,440,0,1,1,1
889,Retail,Central,248,0,0,0,1
890,Distributor,Central,313,0,1,1,1
891,Retail,Central,307,0,1,1,1
892,Retail,Central,85,2,1,3,0
893,Retail,South,197,2,0,2,1
894,Distributor,South,342,0,0,0,1
895,Distributor,East,397,6,3,9,0
896,Distributor,North,496,2,3,5,0
897,Retail,Central,255,0,0,0,1
898,Distributor,South,139,3,1,4,0
899,Distributor,North,483,3,0,3,0
900,Retail,North,324,1,2,3,0
901,E-commerce,South,420,1,1,2,1
902,Retail,Central,292,1,2,3,0
903,Distributor,East,88,1,0,1,1
904,Retail,North,81,0,1,1,1
905,E-commerce,East,272,2,0,2,1
906,Retail,Central,200,0,1,1,1
907,Distributor,Central,376,3,1,4,0
908,E-commerce,East,384,2,1,3,0
909,Distributor,Central,439,2,0,2,1
910,E-commerce,North,72,3,1,4,0
911,E-commerce,East,497,0,2,2,1
912,Retail,Central,389,2,0,2,1
913,Retail,East,21,0,0,0,1
914,Distributor,North,150,0,1,1,1
915,Retail,Central,263,3,0,3,0
916,Retail,North,52,1,0,1,1
917,E-commerce,Central,26,2,0,2,1
918,Retail,South,72,1,1,2,1
919,E-commerce,Central,262,0,1,1,1
920,E-commerce,East,474,3,1,4,0
921,E-commerce,Central,385,1,1,2,1
922,Distributor,North,301,0,0,0,1
923,Distributor,North,478,1,1,2,1
924,Distributor,Central,17,1,1,2,1
925,E-commerce,East,334,2,1,3,0
926,Distributor,South,99,1,2,3,0
927,Distributor,East,217,1,3,4,0
928,Retail,South,301,1,0,1,1
929,Distributor,North,293,2,1,3,0
930,Distributor,East,127,2,0,2,1
931,E-commerce,South,358,1,2,3,0
932,E-commerce,Central,184,1,2,3,0
933,E-commerce,North,85,1,1,2,1
934,E-commerce,Central,110,3,0,3,0
935,E-commerce,North,423,3,5,8,0
936,E-commerce,East,160,1,0,1,1
937,Distributor,East,409,2,2,4,0
938,E-commerce,North,279,0,1,1,1
939,E-commerce,North,467,3,1,4,0
940,Retail,North,80,0,1,1,1
941,Distributor,East,189,0,2,2,1
942,Distributor,South,133,1,1,2,1
943,Distributor,Central,390,1,4,5,0
944,E-commerce,Central,302,2,0,2,1
945,E-commerce,East,294,2,0,2,1
946,E-commerce,Central,204,0,0,0,1
947,Retail,North,408,0,0,0,1
948,E-commerce,South,237,1,0,1,1
949,Retail,Central,440,1,1,2,1
950,Distributor,South,439,2,3,5,0
951,E-commerce,North,445,0,1,1,1
952,Retail,Central,284,0,0,0,1
953,Retail,East,470,2,0,2,1
954,E-commerce,South,115,1,0,1,1
955,Distributor,North,30,2,3,5,0
956,Distributor,South,73,0,1,1,1
957,Distributor,Central,174,2,1,3,0
958,Retail,Central,36,0,0,0,1
959,Retail,East,320,3,1,4,0
960,Retail,North,294,1,0,1,1
961,Retail,North,157,0,0,0,1
962,Distributor,East,290,5,2,7,0
963,E-commerce,East,335,2,1,3,0
964,Retail,North,328,1,1,2,1
965,Retail,South,173,3,1,4,0
966,Distributor,South,395,0,1,1,1
967,E-commerce,East,415,3,2,5,0
968,E-commerce,South,233,3,0,3,0
969,Distributor,North,281,5,2,7,0
970,Distributor,Central,155,1,1,2,1
971,E-commerce,Central,462,1,1,2,1
972,Retail,South,447,3,2,5,0
973,E-commerce,East,365,1,2,3,0
974,Distributor,East,39,0,1,1,1
975,Retail,East,54,0,1,1,1
976,Retail,East,284,1,3,4,0
977,Distributor,East,480,1,2,3,0
978,Distributor,South,43,7,1,8,0
979,Distributor,Central,150,1,1,2,1
980,E-commerce,Central,436,4,3,7,0
981,E-commerce,South,327,2,0,2,1
982,Retail,East,383,1,0,1,1
983,Distributor,South,230,1,1,2,1
984,Retail,Central,365,2,1,3,0
985,Retail,North,31,1,3,4,0
986,Retail,South,189,3,1,4,0
987,Retail,East,445,3,0,3,0
988,Distributor,Central,376,6,0,6,0
989,Retail,Central,429,2,0,2,1
990,Distributor,Central,338,2,0,2,1
991,Distributor,Central,240,2,0,2,1
992,E-commerce,East,412,0,0,0,1
993,Distributor,North,47,2,3,5,0
994,E-commerce,Central,79,3,1,4,0
995,Distributor,South,125,2,0,2,1
996,Distributor,North,248,2,4,6,0
997,Distributor,Central,344,3,1,4,0
998,E-commerce,North,450,1,0,1,1
999,E-commerce,South,157,1,1,2,1
1000,Retail,Central,18,2,0,2,1
1001,E-commerce,South,297,1,0,1,1
1002,E-commerce,East,397,1,1,2,1
1003,E-commerce,Central,59,2,0,2,1
1004,E-commerce,Central,347,1,1,2,1
1005,Retail,Central,14,3,0,3,0
1006,E-commerce,Central,413,1,2,3,0
1007,Distributor,East,352,3,0,3,0
1008,Distributor,Central,135,2,2,4,0
1009,E-commerce,North,84,2,0,2,1
1010,E-commerce,Central,174,0,0,0,1
1011,Distributor,East,287,2,1,3,0
1012,Distributor,Central,451,1,1,2,1
1013,Retail,North,333,5,2,7,0
1014,Distributor,East,486,2,1,3,0
1015,Distributor,East,309,3,0,3,0
1016,E-commerce,North,299,5,1,6,0
1017,Distributor,North,86,3,1,4,0
1018,Retail,North,307,1,0,1,1
1019,Distributor,North,146,2,2,4,0
1020,E-commerce,North,115,1,1,2,1
1021,E-commerce,East,104,2,1,3,0
1022,Distributor,East,144,1,0,1,1
1023,E-commerce,Central,77,1,1,2,1
1024,Retail,Central,156,1,0,1,1
1025,Retail,South,499,5,1,6,0
1026,Distributor,Central,487,0,2,2,1
1027,Distributor,Central,168,3,1,4,0
1028,Distributor,North,393,1,0,1,1
1029,E-commerce,North,172,2,1,3,0
1030,Retail,Central,450,3,0,3,0
1031,Retail,South,350,4,2,6,0
1032,E-commerce,North,198,0,0,0,1
1033,Retail,Central,424,1,1,2,1
1034,Distributor,Central,348,3,1,4,0
1035,Distributor,East,104,1,1,2,1
1036,Distributor,South,190,0,1,1,1
1037,Retail,East,297,3,0,3,0
1038,Distributor,South,331,0,0,0,1
1039,E-commerce,North,196,3,2,5,0
1040,E-commerce,South,381,2,1,3,0
1041,Retail,Central,147,2,1,3,0
1042,E-commerce,Central,139,3,1,4,0
1043,E-commerce,South,203,1,2,3,0
1044,Retail,South,325,3,1,4,0
1045,Distributor,South,481,0,1,1,1
1046,Distributor,East,282,2,2,4,0
1047,Distributor,South,361,3,0,3,0
1048,Retail,North,153,1,3,4,0
1049,E-commerce,East,25,0,1,1,1
1050,Distributor,East,311,3,2,5,0
1051,Distributor,South,432,0,0,0,1
1052,Retail,North,254,1,0,1,1
1053,Distributor,East,424,0,1,1,1
1054,Retail,Central,116,1,1,2,1
1055,E-commerce,East,97,1,1,2,1
1056,Retail,South,138,0,1,1,1
1057,Retail,North,404,0,0,0,1
1058,Retail,South,384,1,1,2,1
1059,Retail,Central,350,1,3,4,0
1060,E-commerce,Central,13,1,2,3,0
1061,E-commerce,Central,336,0,0,0,1
1062,Distributor,South,419,2,2,4,0
1063,E-commerce,East,376,2,1,3,0
1064,E-commerce,South,315,1,1,2,1
1065,Distributor,North,405,2,0,2,1
1066,E-commerce,East,104,3,1,4,0
1067,Retail,Central,218,1,0,1,1
1068,Retail,South,234,1,1,2,1
1069,Distributor,Central,468,3,0,3,0
1070,Distributor,Central,357,0,2,2,1
1071,Distributor,North,489,0,0,0,1
1072,Retail,East,330,1,2,3,0
1073,E-commerce,North,56,3,0,3,0
1074,Retail,North,485,3,1,4,0
1075,Distributor,North,190,1,2,3,0
1076,E-commerce,Central,115,0,5,5,0
1077,E-commerce,North,208,5,1,6,0
1078,Retail,North,395,2,1,3,0
1079,Distributor,East,115,2,0,2,1
1080,Retail,East,289,1,0,1,1
1081,E-commerce,North,269,3,2,5,0
1082,Retail,East,117,2,0,2,1
1083,Retail,East,28,1,1,2,1
1084,Distributor,North,419,1,1,2,1
1085,Distributor,Central,468,3,2,5,0
1086,E-commerce,North,305,2,1,3,0
1087,Retail,East,315,1,0,1,1
1088,Retail,Central,180,0,2,2,1
1089,Retail,South,340,2,3,5,0
1090,E-commerce,Central,204,1,5,6,0
1091,E-commerce,East,21,2,0,2,1
1092,Distributor,Central,204,2,1,3,0
1093,Distributor,North,499,2,2,4,0
1094,Distributor,South,292,2,0,2,1
1095,Retail,South,378,1,1,2,1
1096,Retail,South,191,3,1,4,0
1097,Distributor,East,459,4,1,5,0
1098,Retail,East,314,2,2,4,0
1099,Distributor,South,153,1,0,1,1
1100,E-commerce,Central,395,1,0,1,1
1101,Distributor,South,325,1,2,3,0
1102,E-commerce,Central,191,2,0,2,1
1103,Retail,Central,39,3,0,3,0
1104,Distributor,East,93,1,1,2,1
1105,Retail,Central,175,0,0,0,1
1106,E-commerce,South,293,2,1,3,0
1107,E-commerce,East,290,1,0,1,1
1108,E-commerce,North,105,1,0,1,1
1109,Retail,North,390,1,2,3,0
1110,Retail,East,275,2,0,2,1
1111,Retail,South,453,2,1,3,0
1112,Retail,North,307,2,2,4,0
1113,E-commerce,North,305,0,2,2,1
1114,E-commerce,Central,234,2,1,3,0
1115,Distributor,Central,342,0,1,1,1
1116,Distributor,South,370,2,2,4,0
1117,Retail,East,383,3,0,3,0
1118,E-commerce,South,51,2,1,3,0
1119,E-commerce,East,312,1,2,3,0
1120,E-commerce,North,430,1,2,3,0
1121,Distributor,Central,255,1,1,2,1
1122,Distributor,South,217,2,1,3,0
1123,E-commerce,South,246,3,1,4,0
1124,E-commerce,East,31,2,0,2,1
1125,E-commerce,East,194,0,1,1,1
1126,Distributor,South,477,4,2,6,0
1127,E-commerce,East,251,1,2,3,0
1128,E-commerce,South,372,2,0,2,1
1129,Retail,South,292,1,1,2,1
1130,Retail,South,50,1,0,1,1
1131,Distributor,North,345,1,1,2,1
1132,E-commerce,East,171,3,0,3,0
1133,E-commerce,Central,169,3,0,3,0
1134,Retail,Central,483,2,0,2,1
1135,Distributor,East,98,2,2,4,0
1136,Retail,South,331,1,1,2,1
1137,Retail,Central,21,1,1,2,1
1138,Retail,Central,433,1,0,1,1
1139,Retail,East,82,0,1,1,1
1140,E-commerce,Central,85,3,1,4,0
1141,E-commerce,South,355,1,0,1,1
1142,Retail,East,210,3,2,5,0
1143,Distributor,South,19,2,0,2,1
1144,Distributor,Central,361,0,0,0,1
1145,Distributor,Central,235,5,2,7,0
1146,Distributor,South,185,0,1,1,1
1147,Retail,North,285,0,0,0,1
1148,E-commerce,Central,48,6,0,6,0
1149,Distributor,North,69,2,1,3,0
1150,Retail,Central,75,2,2,4,0
1151,Distributor,North,330,0,0,0,1
1152,Distributor,North,444,3,1,4,0
1153,Retail,North,133,0,1,1,1
1154,E-commerce,South,173,1,0,1,1
1155,E-commerce,North,417,0,0,0,1
1156,Retail,North,420,2,0,2,1
1157,E-commerce,North,395,0,1,1,1
1158,Retail,Central,168,1,0,1,1
1159,Retail,North,66,2,1,3,0
1160,Retail,Central,87,1,1,2,1
1161,E-commerce,North,203,2,1,3,0
1162,Retail,North,294,1,1,2,1
1163,Distributor,South,24,3,1,4,0
1164,E-commerce,Central,21,2,1,3,0
1165,E-commerce,North,110,1,1,2,1
1166,E-commerce,Central,165,2,1,3,0
1167,E-commerce,Central,349,1,0,1,1
1168,Distributor,East,134,1,0,1,1
1169,E-commerce,South,368,1,1,2,1
1170,E-commerce,South,289,1,0,1,1
1171,Retail,South,414,3,0,3,0
1172,E-commerce,East,403,1,0,1,1
1173,Distributor,East,119,1,1,2,1
1174,Distributor,South,343,1,1,2,1
1175,Distributor,East,366,1,4,5,0
1176,Distributor,East,155,2,0,2,1
1177,E-commerce,East,225,0,0,0,1
1178,E-commerce,South,407,0,0,0,1
1179,Distributor,South,171,2,5,7,0
1180,Distributor,South,137,2,1,3,0
1181,E-commerce,East,323,3,1,4,0
1182,Distributor,South,341,2,1,3,0
1183,Retail,East,159,3,2,5,0
1184,Distributor,North,463,2,0,2,1
1185,Distributor,East,45,2,2,4,0
1186,Retail,Central,182,0,1,1,1
1187,Retail,South,429,4,2,6,0
1188,E-commerce,South,31,0,2,2,1
1189,E-commerce,Central,215,1,1,2,1
1190,Retail,East,136,1,3,4,0
1191,Retail,North,345,1,3,4,0
1192,E-commerce,Central,454,1,0,1,1
1193,Distributor,Central,365,0,0,0,1
1194,Retail,East,449,1,1,2,1
1195,E-commerce,South,226,0,1,1,1
1196,Distributor,East,105,1,1,2,1
1197,Retail,Central,426,1,0,1,1
1198,Distributor,Central,438,1,2,3,0
1199,E-commerce,South,173,2,1,3,0
1200,Retail,South,157,4,0,4,0
1201,Distributor,South,27,2,2,4,0
1202,Retail,East,303,2,0,2,1
1203,Distributor,South,204,1,1,2,1
1204,E-commerce,Central,160,1,0,1,1
1205,E-commerce,Central,489,0,1,1,1
1206,Retail,North,374,2,2,4,0
1207,Distributor,East,132,1,1,2,1
1208,Retail,North,409,1,3,4,0
1209,Retail,Central,196,5,1,6,0
1210,Distributor,North,462,0,0,0,1
1211,Distributor,Central,461,2,0,2,1
1212,Distributor,North,158,1,3,4,0
1213,E-commerce,South,113,1,1,2,1
1214,Retail,North,252,2,0,2,1
1215,Retail,South,471,5,1,6,0
1216,E-commerce,South,240,1,1,2,1
1217,Distributor,East,488,1,0,1,1
1218,E-commerce,South,215,0,1,1,1
1219,E-commerce,South,207,2,2,4,0
1220,E-commerce,North,405,2,3,5,0
1221,Retail,Central,409,1,0,1,1
1222,E-commerce,East,346,3,0,3,0
1223,Retail,South,96,1,2,3,0
1224,Retail,East,151,2,1,3,0
1225,Retail,North,326,2,0,2,1
1226,Distributor,South,208,1,1,2,1
1227,Retail,North,55,0,1,1,1
1228,Retail,East,297,1,1,2,1
1229,Distributor,North,24,3,1,4,0
1230,Retail,East,53,2,0,2,1
1231,E-commerce,North,410,3,1,4,0
1232,E-commerce,East,178,0,0,0,1
1233,Retail,Central,319,1,2,3,0
1234,Distributor,North,53,3,0,3,0
1235,E-commerce,North,107,1,0,1,1
1236,Distributor,Central,270,2,0,2,1
1237,Distributor,Central,118,0,1,1,1
1238,E-commerce,North,292,0,3,3,0
1239,Distributor,Central,381,2,0,2,1
1240,E-commerce,South,352,1,1,2,1
1241,Distributor,East,113,2,0,2,1
1242,E-commerce,East,265,1,1,2,1
1243,Retail,East,388,0,0,0,1
1244,E-commerce,South,215,0,0,0,1
1245,E-commerce,Central,344,1,0,1,1
1246,E-commerce,Central,52,1,1,2,1
1247,E-commerce,North,362,3,3,6,0
1248,Distributor,Central,254,1,1,2,1
1249,Retail,North,296,1,1,2,1
1250,E-commerce,South,364,2,1,3,0
1251,Distributor,East,282,7,1,8,0
1252,Retail,East,485,1,0,1,1
1253,Retail,East,92,5,1,6,0
1254,Retail,Central,119,1,0,1,1
1255,Retail,North,447,0,4,4,0
1256,E-commerce,North,199,3,2,5,0
1257,E-commerce,South,480,0,1,1,1
1258,Distributor,Central,297,1,1,2,1
1259,Distributor,South,433,1,1,2,1
1260,Distributor,North,406,1,1,2,1
1261,Retail,North,260,1,1,2,1
1262,Retail,East,221,0,0,0,1
1263,E-commerce,Central,300,0,2,2,1
1264,Retail,North,142,1,0,1,1
1265,Retail,East,210,3,0,3,0
1266,Retail,Central,294,1,0,1,1
1267,Distributor,South,335,3,1,4,0
1268,Distributor,Central,418,0,1,1,1
1269,E-commerce,Central,104,2,0,2,1
1270,Retail,North,287,0,2,2,1
1271,Retail,North,459,0,2,2,1
1272,E-commerce,Central,438,1,2,3,0
1273,Retail,North,334,2,2,4,0
1274,Retail,North,228,0,0,0,1
1275,Distributor,North,98,1,2,3,0
1276,E-commerce,East,81,3,0,3,0
1277,E-commerce,East,256,2,1,3,0
1278,E-commerce,Central,138,2,1,3,0
1279,E-commerce,North,221,0,0,0,1
1280,Distributor,East,437,0,0,0,1
1281,Distributor,Central,352,1,1,2,1
1282,Retail,North,105,1,2,3,0
1283,Retail,South,84,3,1,4,0
1284,Retail,North,432,4,1,5,0
1285,Retail,North,63,1,2,3,0
1286,Distributor,East,353,5,0,5,0
1287,E-commerce,Central,468,0,1,1,1
1288,Distributor,Central,422,2,0,2,1
1289,Retail,East,63,0,1,1,1
1290,Distributor,North,227,5,1,6,0
1291,E-commerce,South,25,5,1,6,0
1292,E-commerce,North,108,0,3,3,0
1293,Distributor,North,29,0,1,1,1
1294,Distributor,South,55,0,0,0,1
1295,Distributor,East,460,0,2,2,1
1296,Retail,Central,202,0,0,0,1
1297,Distributor,East,392,1,0,1,1
1298,Distributor,East,67,1,1,2,1
1299,Distributor,North,446,4,0,4,0
1300,E-commerce,Central,120,0,0,0,1
1301,E-commerce,Central,138,1,0,1,1
1302,Retail,East,346,2,2,4,0
1303,Retail,South,203,0,0,0,1
1304,E-commerce,East,422,1,1,2,1
1305,E-commerce,South,349,1,3,4,0
1306,E-commerce,Central,335,0,0,0,1
1307,Distributor,East,17,0,1,1,1
1308,Distributor,North,38,0,0,0,1
1309,E-commerce,East,121,1,0,1,1
1310,Distributor,Central,444,2,1,3,0
1311,Distributor,North,170,3,0,3,0
1312,Retail,North,140,2,2,4,0
1313,E-commerce,South,197,2,1,3,0
1314,E-commerce,North,172,3,1,4,0
1315,Distributor,North,206,5,1,6,0
1316,E-commerce,East,484,0,1,1,1
1317,Retail,Central,373,2,0,2,1
1318,Retail,South,213,2,0,2,1
1319,Retail,East,221,1,0,1,1
1320,E-commerce,North,118,0,2,2,1
1321,E-commerce,North,285,1,3,4,0
1322,E-commerce,South,82,1,1,2,1
1323,E-commerce,Central,176,3,1,4,0
1324,E-commerce,South,269,1,1,2,1
1325,Retail,East,252,4,3,7,0
1326,Distributor,South,284,0,4,4,0
1327,Retail,North,111,1,3,4,0
1328,E-commerce,East,484,1,0,1,1
1329,Retail,North,182,1,2,3,0
1330,E-commerce,Central,180,3,0,3,0
1331,E-commerce,North,150,2,0,2,1
1332,Retail,North,406,0,1,1,1
1333,E-commerce,South,197,1,3,4,0
1334,Distributor,North,450,5,2,7,0
1335,E-commerce,East,95,0,1,1,1
1336,Distributor,East,485,2,2,4,0
1337,Distributor,Central,61,3,0,3,0
1338,E-commerce,East,120,1,0,1,1
1339,Retail,South,446,0,2,2,1
1340,Distributor,Central,374,1,2,3,0
1341,Retail,East,351,1,0,1,1
1342,Distributor,South,52,1,2,3,0
1343,E-commerce,East,220,1,0,1,1
1344,E-commerce,East,465,2,0,2,1
1345,Distributor,North,209,0,0,0,1
1346,E-commerce,East,307,1,1,2,1
1347,Distributor,East,355,1,1,2,1
1348,E-commerce,South,249,1,0,1,1
1349,Retail,South,124,2,1,3,0
1350,E-commerce,North,35,2,2,4,0
1351,Retail,East,416,4,1,5,0
1352,E-commerce,North,308,1,2,3,0
1353,Retail,East,86,3,1,4,0
1354,E-commerce,Central,421,2,1,3,0
1355,Retail,Central,146,1,1,2,1
1356,Distributor,North,29,1,3,4,0
1357,Distributor,North,449,0,1,1,1
1358,Retail,North,220,0,1,1,1
1359,E-commerce,South,249,0,0,0,1
1360,Retail,South,48,4,1,5,0
1361,E-commerce,South,444,0,1,1,1
1362,Distributor,North,277,1,0,1,1
1363,E-commerce,East,216,0,1,1,1
1364,Distributor,Central,488,1,1,2,1
1365,E-commerce,North,448,0,1,1,1
1366,E-commerce,South,471,0,1,1,1
1367,E-commerce,South,276,1,2,3,0
1368,Retail,North,163,1,1,2,1
1369,Retail,North,51,4,0,4,0
1370,Distributor,South,420,1,0,1,1
1371,Distributor,East,20,0,1,1,1
1372,Retail,South,303,0,2,2,1
1373,Distributor,South,107,4,1,5,0
1374,Retail,North,436,2,1,3,0
1375,E-commerce,East,284,4,0,4,0
1376,Distributor,South,457,1,0,1,1
1377,Distributor,South,399,0,0,0,1
1378,Retail,Central,439,1,0,1,1
1379,Distributor,North,381,1,0,1,1
1380,Distributor,Central,239,0,1,1,1
1381,E-commerce,Central,378,3,0,3,0
1382,Distributor,South,435,2,2,4,0
1383,E-commerce,North,229,3,0,3,0
1384,Retail,East,74,1,1,2,1
1385,Distributor,South,364,1,2,3,0
1386,E-commerce,East,241,0,0,0,1
1387,Retail,East,337,2,1,3,0
1388,Distributor,North,452,2,1,3,0
1389,Retail,Central,61,2,3,5,0
1390,Distributor,North,383,3,0,3,0
1391,Retail,East,440,3,1,4,0
1392,Retail,South,385,0,1,1,1
1393,E-commerce,East,272,2,2,4,0
1394,Retail,South,276,1,2,3,0
1395,Distributor,South,368,3,2,5,0
1396,Distributor,North,326,2,3,5,0
1397,E-commerce,East,333,1,3,4,0
1398,Distributor,Central,418,0,0,0,1
1399,Distributor,East,405,2,1,3,0
1400,Distributor,East,163,0,1,1,1
1401,Retail,Central,367,2,0,2,1
1402,Retail,North,375,1,1,2,1
1403,Distributor,East,149,1,0,1,1
1404,E-commerce,East,436,0,1,1,1
1405,Retail,South,60,1,1,2,1
1406,E-commerce,East,126,0,0,0,1
1407,Distributor,Central,430,1,2,3,0
1408,Distributor,South,55,3,0,3,0
1409,Retail,North,318,0,2,2,1
1410,Distributor,South,97,3,1,4,0
1411,Retail,Central,217,1,0,1,1
1412,Distributor,Central,386,1,0,1,1
1413,Distributor,South,278,0,1,1,1
1414,Retail,North,98,4,0,4,0
1415,Retail,South,390,1,0,1,1
1416,Retail,North,127,1,0,1,1
1417,Distributor,South,63,1,1,2,1
1418,Distributor,Central,450,2,0,2,1
1419,E-commerce,East,125,3,2,5,0
1420,Retail,East,127,1,0,1,1
1421,Distributor,North,269,5,1,6,0
1422,Distributor,North,84,1,0,1,1
1423,Retail,North,489,1,2,3,0
1424,E-commerce,Central,314,1,0,1,1
1425,Retail,South,16,5,1,6,0
1426,E-commerce,Central,375,2,1,3,0
1427,Distributor,East,131,2,0,2,1
1428,E-commerce,North,20,1,3,4,0
1429,Distributor,South,357,2,2,4,0
1430,Retail,East,447,4,1,5,0
1431,Retail,East,498,1,0,1,1
1432,Retail,East,224,3,2,5,0
1433,E-commerce,Central,438,1,0,1,1
1434,Distributor,North,288,3,2,5,0
1435,Retail,East,37,0,0,0,1
1436,Retail,North,244,1,1,2,1
1437,Distributor,Central,376,0,0,0,1
1438,Retail,East,322,0,0,0,1
1439,Distributor,Central,35,2,3,5,0
1440,Distributor,Central,418,0,4,4,0
1441,Distributor,North,63,2,3,5,0
1442,Distributor,East,38,5,0,5,0
1443,Distributor,Central,476,2,1,3,0
1444,E-commerce,East,362,1,0,1,1
1445,Retail,North,173,1,1,2,1
1446,E-commerce,Central,279,1,1,2,1
1447,Retail,North,343,1,1,2,1
1448,E-commerce,East,44,1,1,2,1
1449,Distributor,East,295,2,0,2,1
1450,Retail,North,357,1,0,1,1
1451,Retail,South,282,5,0,5,0
1452,E-commerce,Central,460,0,0,0,1
1453,E-commerce,East,217,3,2,5,0
1454,Retail,East,247,2,1,3,0
1455,E-commerce,Central,423,0,2,2,1
1456,E-commerce,North,102,2,0,2,1
1457,E-commerce,North,182,5,0,5,0
1458,Distributor,North,88,1,1,2,1
1459,Distributor,South,119,2,1,3,0
1460,E-commerce,South,226,3,0,3,0
1461,E-commerce,East,444,1,2,3,0
1462,Distributor,North,367,0,1,1,1
1463,Distributor,Central,115,1,3,4,0
1464,Retail,East,56,0,0,0,1
1465,Retail,Central,190,1,1,2,1
1466,Distributor,East,73,1,1,2,1
1467,E-commerce,South,255,3,0,3,0
1468,E-commerce,East,253,2,1,3,0
1469,E-commerce,South,431,3,3,6,0
1470,E-commerce,East,329,2,2,4,0
1471,Retail,North,96,1,1,2,1
1472,Distributor,Central,226,1,4,5,0
1473,E-commerce,North,499,1,0,1,1
1474,Retail,East,16,0,0,0,1
1475,E-commerce,East,287,0,0,0,1
1476,Distributor,East,346,1,3,4,0
1477,Retail,South,219,3,2,5,0
1478,Distributor,Central,178,2,1,3,0
1479,Distributor,Central,339,0,3,3,0
1480,Retail,East,147,1,0,1,1
1481,Retail,East,450,2,1,3,0
1482,Retail,South,400,0,2,2,1
1483,Retail,North,390,1,1,2,1
1484,Retail,North,315,0,2,2,1
1485,Retail,Central,239,0,0,0,1
1486,Retail,South,484,0,1,1,1
1487,E-commerce,East,317,0,2,2,1
1488,Distributor,Central,170,2,0,2,1
1489,Retail,South,10,2,3,5,0
1490,E-commerce,North,245,0,2,2,1
1491,E-commerce,South,446,2,1,3,0
1492,E-commerce,North,197,2,1,3,0
1493,Distributor,South,427,0,1,1,1
1494,Retail,Central,13,2,1,3,0
1495,E-commerce,North,410,0,3,3,0
1496,Distributor,Central,141,1,1,2,1
1497,Distributor,Central,436,2,0,2,1
1498,Distributor,North,227,0,1,1,1
1499,E-commerce,North,269,1,1,2,1
1500,Retail,East,10,0,1,1,1
1501,E-commerce,East,80,2,0,2,1
1502,E-commerce,East,487,1,0,1,1
1503,Retail,Central,187,2,2,4,0
1504,Retail,Central,466,0,1,1,1
1505,Retail,East,198,1,0,1,1
1506,Distributor,Central,300,3,0,3,0
1507,Retail,Central,17,1,2,3,0
1508,E-commerce,North,262,2,1,3,0
1509,Retail,North,417,2,3,5,0
1510,E-commerce,Central,476,1,3,4,0
1511,Distributor,East,301,1,1,2,1
1512,E-commerce,South,443,0,1,1,1
1513,E-commerce,East,253,0,3,3,0
1514,Retail,South,132,0,1,1,1
1515,Retail,East,308,3,1,4,0
1516,E-commerce,North,292,2,0,2,1
1517,Retail,Central,41,3,1,4,0
1518,Distributor,Central,343,1,1,2,1
1519,Distributor,North,386,1,1,2,1
1520,Retail,South,155,5,1,6,0
1521,Distributor,South,165,2,1,3,0
1522,Retail,South,422,1,0,1,1
1523,E-commerce,North,25,0,1,1,1
1524,E-commerce,South,364,2,1,3,0
1525,Distributor,North,56,2,1,3,0
1526,Retail,East,260,5,1,6,0
1527,Retail,East,196,0,1,1,1
1528,Distributor,North,40,0,2,2,1
1529,E-commerce,Central,269,1,0,1,1
1530,Distributor,East,430,0,0,0,1
1531,E-commerce,South,26,1,2,3,0
1532,Retail,North,48,2,1,3,0
1533,E-commerce,South,313,1,2,3,0
1534,Distributor,South,439,2,2,4,0
1535,Retail,Central,483,0,1,1,1
1536,Distributor,South,441,1,1,2,1
1537,Distributor,Central,48,1,1,2,1
1538,E-commerce,East,498,2,1,3,0
1539,Distributor,North,141,0,1,1,1
1540,E-commerce,South,39,1,0,1,1
1541,Retail,North,167,0,1,1,1
1542,E-commerce,South,287,1,0,1,1
1543,Retail,North,212,1,1,2,1
1544,E-commerce,South,75,3,2,5,0
1545,Distributor,South,117,4,0,4,0
1546,E-commerce,South,277,0,0,0,1
1547,E-commerce,South,231,2,1,3,0
1548,Retail,South,301,0,1,1,1
1549,Distributor,South,27,2,1,3,0
1550,E-commerce,South,99,0,1,1,1
1551,Distributor,South,190,0,0,0,1
1552,E-commerce,South,264,1,1,2,1
1553,E-commerce,North,464,2,1,3,0
1554,Distributor,Central,262,1,0,1,1
1555,E-commerce,South,266,2,3,5,0
1556,Distributor,Central,392,0,1,1,1
1557,E-commerce,South,451,3,2,5,0
1558,Retail,South,355,1,0,1,1
1559,Distributor,North,96,3,2,5,0
1560,E-commerce,East,99,1,0,1,1
1561,E-commerce,East,246,2,1,3,0
1562,Retail,North,399,5,3,8,0
1563,Distributor,Central,79,0,3,3,0
1564,E-commerce,East,53,2,2,4,0
1565,Retail,North,209,2,1,3,0
1566,E-commerce,North,161,0,0,0,1
1567,Distributor,East,95,3,1,4,0
1568,E-commerce,Central,28,1,1,2,1
1569,E-commerce,North,110,2,0,2,1
1570,E-commerce,South,411,2,2,4,0
1571,E-commerce,Central,104,2,0,2,1
1572,Retail,Central,263,3,2,5,0
1573,Retail,East,366,0,1,1,1
1574,Distributor,East,39,3,1,4,0
1575,Retail,South,258,0,0,0,1
1576,Retail,North,435,0,0,0,1
1577,Distributor,East,42,1,1,2,1
1578,Retail,East,467,3,2,5,0
1579,Retail,Central,238,0,2,2,1
1580,Distributor,East,21,0,2,2,1
1581,Distributor,East,127,3,4,7,0
1582,Distributor,East,359,1,2,3,0
1583,E-commerce,East,164,3,0,3,0
1584,E-commerce,Central,432,2,1,3,0
1585,Distributor,South,402,1,2,3,0
1586,Distributor,South,255,3,0,3,0
1587,Distributor,North,414,0,0,0,1
1588,E-commerce,East,341,0,2,2,1
1589,E-commerce,Central,256,1,0,1,1
1590,Retail,North,38,1,2,3,0
1591,Retail,North,170,1,1,2,1
1592,Distributor,South,244,4,1,5,0
1593,E-commerce,Central,199,1,0,1,1
1594,E-commerce,Central,126,2,2,4,0
1595,E-commerce,Central,280,2,2,4,0
1596,Distributor,South,267,2,3,5,0
1597,Retail,South,189,3,2,5,0
1598,Distributor,South,496,2,0,2,1
1599,Retail,South,382,5,1,6,0
1600,Retail,South,181,2,2,4,0
1601,Distributor,East,447,2,0,2,1
1602,Retail,East,283,1,2,3,0
1603,Retail,Central,268,3,3,6,0
1604,E-commerce,North,144,0,1,1,1
1605,Retail,Central,180,5,0,5,0
1606,Distributor,North,219,4,0,4,0
1607,Distributor,South,245,1,0,1,1
1608,Retail,North,431,0,2,2,1
1609,E-commerce,Central,430,2,3,5,0
1610,E-commerce,Central,195,3,0,3,0
1611,Retail,North,426,2,0,2,1
1612,Retail,East,373,0,2,2,1
1613,Distributor,South,452,0,3,3,0
1614,Retail,South,104,3,1,4,0
1615,E-commerce,Central,387,1,0,1,1
1616,Retail,East,20,2,0,2,1
1617,Distributor,North,77,0,1,1,1
1618,Distributor,South,388,2,0,2,1
1619,Distributor,East,219,2,0,2,1
1620,Distributor,South,205,1,0,1,1
1621,Distributor,East,378,5,0,5,0
1622,Retail,East,107,2,0,2,1
1623,Retail,Central,102,2,1,3,0
1624,Retail,South,481,2,1,3,0
1625,Retail,North,31,3,0,3,0
1626,Distributor,Central,459,1,1,2,1
1627,E-commerce,Central,181,0,0,0,1
1628,Retail,North,392,2,0,2,1
1629,E-commerce,Central,143,0,1,1,1
1630,Retail,East,435,2,1,3,0
1631,Retail,East,34,3,1,4,0
1632,E-commerce,South,194,1,0,1,1
1633,Distributor,South,94,1,0,1,1
1634,Retail,North,64,1,2,3,0
1635,Retail,South,260,2,0,2,1
1636,Retail,East,153,1,2,3,0
1637,E-commerce,North,360,1,0,1,1
1638,Distributor,North,407,0,1,1,1
1639,E-commerce,South,176,1,1,2,1
1640,E-commerce,East,421,0,0,0,1
1641,Distributor,North,233,3,3,6,0
1642,E-commerce,East,229,2,0,2,1
1643,Distributor,East,188,0,0,0,1
1644,Retail,East,128,0,0,0,1
1645,Distributor,South,442,0,1,1,1
1646,Retail,Central,274,0,0,0,1
1647,E-commerce,Central,451,3,0,3,0
1648,E-commerce,North,438,3,0,3,0
1649,Retail,East,159,3,1,4,0
1650,E-commerce,South,425,2,1,3,0
1651,Distributor,East,462,1,1,2,1
1652,Retail,East,224,1,0,1,1
1653,E-commerce,South,206,2,1,3,0
1654,Retail,Central,51,0,0,0,1
1655,Distributor,East,62,3,1,4,0
1656,Distributor,East,489,2,1,3,0
1657,E-commerce,Central,452,2,0,2,1
1658,Distributor,South,339,1,0,1,1
1659,Retail,North,260,3,1,4,0
1660,Distributor,Central,304,2,0,2,1
1661,Retail,North,387,2,2,4,0
1662,Retail,North,280,1,0,1,1
1663,Distributor,Central,464,0,1,1,1
1664,E-commerce,East,422,1,0,1,1
1665,Distributor,North,132,0,1,1,1
1666,Retail,North,376,1,2,3,0
1667,Retail,South,396,1,0,1,1
1668,Distributor,East,348,0,1,1,1
1669,E-commerce,North,275,1,0,1,1
1670,E-commerce,South,357,2,0,2,1
1671,Retail,East,38,1,1,2,1
1672,Retail,Central,472,0,1,1,1
1673,E-commerce,Central,44,1,0,1,1
1674,Distributor,South,15,3,1,4,0
1675,Retail,Central,405,0,0,0,1
1676,Retail,North,120,2,0,2,1
1677,E-commerce,East,303,2,2,4,0
1678,Distributor,North,86,2,2,4,0
1679,E-commerce,North,358,0,0,0,1
1680,Distributor,Central,156,4,0,4,0
1681,Distributor,North,76,0,0,0,1
1682,Distributor,Central,401,2,0,2,1
1683,Retail,East,17,0,0,0,1
1684,E-commerce,East,131,3,0,3,0
1685,E-commerce,North,349,7,2,9,0
1686,Distributor,South,184,2,0,2,1
1687,Retail,Central,397,3,0,3,0
1688,Retail,Central,188,2,0,2,1
1689,E-commerce,North,94,0,0,0,1
1690,Retail,Central,460,1,1,2,1
1691,Retail,Central,54,0,0,0,1
1692,Distributor,South,145,1,0,1,1
1693,Retail,South,352,1,3,4,0
1694,Distributor,North,25,0,0,0,1
1695,E-commerce,South,342,3,0,3,0
1696,Retail,North,204,1,1,2,1
1697,E-commerce,East,18,3,0,3,0
1698,E-commerce,North,325,3,0,3,0
1699,Retail,East,343,1,1,2,1
1700,Retail,North,342,3,1,4,0
1701,E-commerce,Central,336,2,0,2,1
1702,Retail,South,24,2,2,4,0
1703,Distributor,East,336,2,0,2,1
1704,Distributor,North,111,2,0,2,1
1705,Retail,South,235,2,2,4,0
1706,E-commerce,North,434,3,0,3,0
1707,Retail,South,287,1,3,4,0
1708,Retail,South,417,2,0,2,1
1709,E-commerce,North,122,2,2,4,0
1710,E-commerce,East,494,2,0,2,1
1711,Distributor,East,437,2,3,5,0
1712,E-commerce,Central,10,1,1,2,1
1713,Distributor,South,275,0,4,4,0
1714,E-commerce,Central,217,2,2,4,0
1715,Retail,Central,119,0,0,0,1
1716,Distributor,North,209,2,0,2,1
1717,Distributor,North,449,2,1,3,0
1718,Distributor,North,378,1,2,3,0
1719,Retail,South,482,2,0,2,1
1720,Retail,North,315,2,1,3,0
1721,Retail,North,21,0,0,0,1
1722,Retail,South,354,0,2,2,1
1723,Retail,South,474,3,1,4,0
1724,Distributor,East,197,3,1,4,0
1725,Retail,North,163,0,0,0,1
1726,Distributor,North,377,2,2,4,0
1727,Retail,North,343,1,0,1,1
1728,E-commerce,East,434,2,0,2,1
1729,Distributor,North,429,1,0,1,1
1730,E-commerce,East,386,0,1,1,1
1731,Distributor,Central,288,1,2,3,0
1732,E-commerce,East,180,1,2,3,0
1733,Retail,Central,143,0,0,0,1
1734,Retail,North,462,1,0,1,1
1735,Retail,Central,436,1,0,1,1
1736,Distributor,East,34,1,1,2,1
1737,E-commerce,South,27,0,1,1,1
1738,Retail,Central,199,2,0,2,1
1739,E-commerce,Central,150,1,1,2,1
1740,E-commerce,North,52,1,3,4,0
1741,Retail,East,343,0,1,1,1
1742,Retail,Central,293,3,1,4,0
1743,E-commerce,Central,155,3,0,3,0
1744,Retail,Central,324,2,1,3,0
1745,Retail,Central,453,2,1,3,0
1746,Retail,South,328,2,2,4,0
1747,Distributor,East,450,0,1,1,1
1748,E-commerce,North,101,1,1,2,1
1749,E-commerce,North,188,1,1,2,1
1750,Distributor,South,65,1,0,1,1
1751,E-commerce,East,164,2,0,2,1
1752,Retail,Central,169,0,2,2,1
1753,E-commerce,South,120,2,1,3,0
1754,Retail,East,146,1,2,3,0
1755,Distributor,Central,241,0,0,0,1
1756,Retail,South,489,2,0,2,1
1757,E-commerce,East,477,1,2,3,0
1758,E-commerce,North,229,2,0,2,1
1759,E-commerce,North,490,1,1,2,1
1760,Distributor,East,77,2,4,6,0
1761,Distributor,North,311,2,0,2,1
1762,E-commerce,East,258,0,1,1,1
1763,Retail,Central,491,0,0,0,1
1764,Distributor,East,332,1,0,1,1
1765,E-commerce,Central,419,2,1,3,0
1766,E-commerce,South,401,2,1,3,0
1767,Distributor,East,15,0,1,1,1
1768,Distributor,South,473,0,1,1,1
1769,Distributor,North,289,1,3,4,0
1770,Retail,Central,441,0,1,1,1
1771,Retail,East,496,0,1,1,1
1772,E-commerce,South,103,1,1,2,1
1773,Distributor,Central,438,1,1,2,1
1774,Retail,Central,278,1,0,1,1
1775,Distributor,North,206,3,2,5,0
1776,E-commerce,North,34,0,1,1,1
1777,Retail,Central,157,2,2,4,0
1778,Retail,Central,127,4,1,5,0
1779,Retail,East,347,0,0,0,1
1780,E-commerce,Central,376,0,1,1,1
1781,Distributor,East,347,1,2,3,0
1782,Retail,Central,75,1,1,2,1
1783,E-commerce,North,467,2,0,2,1
1784,Distributor,East,310,1,2,3,0
1785,E-commerce,South,379,1,0,1,1
1786,Distributor,North,184,1,1,2,1
1787,E-commerce,East,328,3,0,3,0
1788,Distributor,East,85,2,2,4,0
1789,Retail,South,470,3,2,5,0
1790,Distributor,East,123,1,0,1,1
1791,E-commerce,Central,120,0,2,2,1
1792,E-commerce,South,258,3,1,4,0
1793,Distributor,North,448,0,1,1,1
1794,Retail,North,212,0,1,1,1
1795,Retail,Central,156,2,0,2,1
1796,Distributor,North,44,0,0,0,1
1797,Distributor,East,496,1,0,1,1
1798,E-commerce,East,318,2,2,4,0
1799,Retail,Central,35,2,1,3,0
1800,Distributor,North,247,2,1,3,0
1801,Retail,North,23,1,0,1,1
1802,Distributor,Central,383,4,0,4,0
1803,Distributor,South,54,2,2,4,0
1804,Retail,North,437,2,2,4,0
1805,Distributor,South,225,2,0,2,1
1806,Distributor,North,242,0,1,1,1
1807,E-commerce,North,202,2,3,5,0
1808,Distributor,North,60,0,0,0,1
1809,Distributor,North,436,1,1,2,1
1810,Distributor,East,384,2,0,2,1
1811,E-commerce,South,223,0,0,0,1
1812,Retail,South,160,0,0,0,1
1813,E-commerce,North,449,1,4,5,0
1814,E-commerce,North,284,2,0,2,1
1815,Retail,South,347,2,0,2,1
1816,E-commerce,East,85,2,2,4,0
1817,Retail,Central,448,1,0,1,1
1818,E-commerce,Central,229,0,1,1,1
1819,Retail,South,357,0,1,1,1
1820,Distributor,North,453,3,0,3,0
1821,E-commerce,North,196,1,1,2,1
1822,E-commerce,East,298,1,1,2,1
1823,E-commerce,Central,412,1,1,2,1
1824,E-commerce,East,37,2,0,2,1
1825,Distributor,Central,388,4,1,5,0
1826,E-commerce,South,189,0,2,2,1
1827,Distributor,Central,262,2,1,3,0
1828,Distributor,East,135,2,0,2,1
1829,Distributor,East,186,2,1,3,0
1830,Distributor,East,46,2,1,3,0
1831,Retail,South,419,2,2,4,0
1832,Retail,Central,108,2,2,4,0
1833,E-commerce,Central,107,4,1,5,0
1834,Retail,East,136,1,0,1,1
1835,Retail,Central,492,1,4,5,0
1836,E-commerce,North,177,3,0,3,0
1837,E-commerce,North,89,3,3,6,0
1838,E-commerce,North,303,3,0,3,0
1839,Retail,Central,342,3,1,4,0
1840,Retail,South,135,2,1,3,0
1841,E-commerce,South,352,0,1,1,1
1842,Distributor,South,319,0,0,0,1
1843,E-commerce,South,159,2,1,3,0
1844,Distributor,North,25,2,0,2,1
1845,Distributor,North,37,2,0,2,1
1846,E-commerce,East,428,0,1,1,1
1847,E-commerce,Central,453,2,2,4,0
1848,E-commerce,Central,182,2,1,3,0
1849,Retail,South,55,1,1,2,1
1850,Distributor,North,337,2,0,2,1
1851,Retail,South,245,1,2,3,0
1852,Retail,East,448,1,2,3,0
1853,E-commerce,Central,223,1,1,2,1
1854,Retail,Central,94,1,2,3,0
1855,E-commerce,South,291,2,3,5,0
1856,Distributor,East,241,1,2,3,0
1857,E-commerce,Central,94,0,3,3,0
1858,Retail,East,418,3,3,6,0
1859,Retail,East,498,4,1,5,0
1860,E-commerce,South,74,0,0,0,1
1861,E-commerce,North,143,2,2,4,0
1862,Retail,South,160,1,1,2,1
1863,Distributor,North,124,1,0,1,1
1864,Distributor,East,73,2,0,2,1
1865,E-commerce,North,352,2,1,3,0
1866,Distributor,East,436,0,0,0,1
1867,Retail,Central,372,1,1,2,1
1868,E-commerce,Central,416,1,3,4,0
1869,Retail,Central,361,1,1,2,1
1870,Retail,South,167,2,0,2,1
1871,Distributor,South,86,2,0,2,1
1872,E-commerce,East,155,2,1,3,0
1873,E-commerce,Central,352,1,2,3,0
1874,Distributor,South,472,3,0,3,0
1875,Retail,Central,234,4,1,5,0
1876,Retail,South,414,2,1,3,0
1877,Retail,North,322,2,2,4,0
1878,Retail,North,112,0,0,0,1
1879,E-commerce,Central,416,2,2,4,0
1880,E-commerce,East,356,3,1,4,0
1881,Distributor,South,310,1,2,3,0
1882,Distributor,South,437,1,0,1,1
1883,E-commerce,North,475,2,0,2,1
1884,E-commerce,North,97,0,1,1,1
1885,Retail,East,380,2,0,2,1
1886,Retail,East,312,1,2,3,0
1887,Distributor,East,177,1,0,1,1
1888,E-commerce,Central,444,1,0,1,1
1889,Distributor,North,179,1,1,2,1
1890,E-commerce,Central,144,0,2,2,1
1891,Retail,North,59,2,0,2,1
1892,Distributor,North,441,0,2,2,1
1893,Distributor,South,349,0,0,0,1
1894,E-commerce,North,356,2,2,4,0
1895,Retail,North,143,4,0,4,0
1896,Distributor,Central,356,0,2,2,1
1897,Retail,North,146,1,1,2,1
1898,Distributor,Central,254,2,0,2,1
1899,Retail,East,118,1,0,1,1
1900,E-commerce,North,322,1,0,1,1
1901,Distributor,North,296,0,1,1,1
1902,Distributor,Central,30,1,0,1,1
1903,Retail,East,99,0,1,1,1
1904,Retail,South,305,0,2,2,1
1905,Distributor,East,121,2,1,3,0
1906,E-commerce,Central,310,0,1,1,1
1907,Retail,East,86,1,2,3,0
1908,Retail,Central,186,3,0,3,0
1909,Retail,Central,352,4,0,4,0
1910,Distributor,South,157,1,2,3,0
1911,Distributor,North,110,1,2,3,0
1912,Distributor,Central,255,2,0,2,1
1913,Distributor,Central,126,0,1,1,1
1914,E-commerce,South,101,2,2,4,0
1915,E-commerce,Central,410,4,1,5,0
1916,Distributor,North,37,2,0,2,1
1917,E-commerce,South,434,1,0,1,1
1918,Retail,North,459,0,2,2,1
1919,Retail,North,34,6,0,6,0
1920,Retail,South,67,1,1,2,1
1921,Distributor,Central,306,1,0,1,1
1922,Retail,North,143,4,0,4,0
1923,E-commerce,North,340,1,1,2,1
1924,Distributor,North,258,1,1,2,1
1925,E-commerce,North,47,0,2,2,1
1926,Retail,South,399,2,2,4,0
1927,Retail,South,438,1,1,2,1
1928,Retail,East,84,3,1,4,0
1929,Distributor,East,151,3,0,3,0
1930,E-commerce,North,331,2,2,4,0
1931,Distributor,Central,177,0,2,2,1
1932,Distributor,North,268,1,1,2,1
1933,Retail,Central,382,0,3,3,0
1934,Distributor,North,364,6,0,6,0
1935,Distributor,East,234,3,0,3,0
1936,Retail,East,161,2,2,4,0
1937,Distributor,Central,28,4,0,4,0
1938,Retail,North,155,0,0,0,1
1939,Retail,Central,457,0,1,1,1
1940,Retail,East,250,2,0,2,1
1941,Retail,North,381,2,1,3,0
1942,Distributor,North,390,2,1,3,0
1943,Retail,Central,353,0,1,1,1
1944,Retail,South,246,2,2,4,0
1945,Distributor,Central,44,3,0,3,0
1946,Distributor,East,199,1,0,1,1
1947,E-commerce,East,10,5,2,7,0
1948,Distributor,East,493,0,0,0,1
1949,Distributor,East,162,2,3,5,0
1950,E-commerce,East,438,0,2,2,1
1951,Distributor,South,442,1,0,1,1
1952,Distributor,North,135,0,1,1,1
1953,Distributor,Central,491,1,0,1,1
1954,Distributor,Central,354,4,3,7,0
1955,E-commerce,East,409,2,1,3,0
1956,Distributor,Central,235,2,1,3,0
1957,Distributor,East,230,5,0,5,0
1958,E-commerce,South,412,2,1,3,0
1959,Retail,South,416,0,0,0,1
1960,E-commerce,North,220,1,1,2,1
1961,Retail,South,34,5,0,5,0
1962,E-commerce,South,25,1,2,3,0
1963,E-commerce,North,191,1,2,3,0
1964,Distributor,Central,338,2,1,3,0
1965,Retail,East,138,2,1,3,0
1966,Distributor,East,51,2,2,4,0
1967,Retail,Central,412,0,0,0,1
1968,E-commerce,North,490,4,3,7,0
1969,E-commerce,Central,427,0,0,0,1
1970,Retail,South,345,2,1,3,0
1971,Distributor,North,245,2,0,2,1
1972,Distributor,North,369,3,1,4,0
1973,Distributor,North,448,2,1,3,0
1974,Distributor,East,411,3,1,4,0
1975,E-commerce,Central,43,0,1,1,1
1976,E-commerce,North,354,2,0,2,1
1977,E-commerce,North,390,3,0,3,0
1978,E-commerce,North,54,2,0,2,1
1979,E-commerce,Central,143,0,2,2,1
1980,Distributor,East,30,1,4,5,0
1981,Distributor,South,131,1,3,4,0
1982,Distributor,East,79,1,0,1,1
1983,Distributor,North,361,4,2,6,0
1984,E-commerce,East,370,2,1,3,0
1985,E-commerce,East,57,2,0,2,1
1986,E-commerce,South,48,1,0,1,1
1987,Retail,Central,296,1,1,2,1
1988,Distributor,Central,499,1,2,3,0
1989,Distributor,East,19,4,0,4,0
1990,E-commerce,East,39,1,1,2,1
1991,Distributor,Central,253,1,0,1,1
1992,Distributor,Central,283,4,3,7,0
1993,E-commerce,South,453,2,1,3,0
1994,Retail,North,97,1,1,2,1
1995,Retail,East,253,4,1,5,0
1996,Retail,Central,390,0,0,0,1
1997,E-commerce,East,338,1,1,2,1
1998,Distributor,East,488,2,2,4,0
1999,E-commerce,Central,24,2,2,4,0
2000,E-commerce,South,13,2,1,3,0
2001,Distributor,East,200,1,0,1,1
2002,Retail,South,177,1,0,1,1
2003,Retail,Central,18,0,0,0,1
2004,E-commerce,North,118,1,1,2,1
2005,Retail,North,146,1,1,2,1
2006,E-commerce,East,163,3,1,4,0
2007,E-commerce,Central,397,1,0,1,1
2008,Distributor,South,218,2,1,3,0
2009,Distributor,East,281,1,1,2,1
2010,Distributor,Central,152,1,2,3,0
2011,E-commerce,Central,108,3,3,6,0
2012,Distributor,South,386,1,1,2,1
2013,Retail,East,317,0,2,2,1
2014,Retail,Central,78,1,0,1,1
2015,E-commerce,Central,256,4,0,4,0
2016,E-commerce,Central,270,3,0,3,0
2017,Distributor,South,285,1,0,1,1
2018,E-commerce,East,88,1,1,2,1
2019,E-commerce,East,155,2,1,3,0
2020,Retail,East,120,0,0,0,1
2021,Retail,East,267,1,2,3,0
2022,Distributor,North,102,3,1,4,0
2023,E-commerce,North,22,0,0,0,1
2024,E-commerce,East,269,1,0,1,1
2025,Retail,South,435,3,0,3,0
2026,E-commerce,North,118,5,2,7,0
2027,Retail,Central,339,2,0,2,1
2028,Distributor,North,198,1,1,2,1
2029,Retail,Central,104,1,0,1,1
2030,E-commerce,East,114,0,0,0,1
2031,Distributor,North,17,3,1,4,0
2032,Retail,South,76,1,2,3,0
2033,Retail,North,200,2,1,3,0
2034,Distributor,North,375,2,0,2,1
2035,Distributor,North,265,1,0,1,1
2036,Retail,East,18,2,2,4,0
2037,E-commerce,South,487,2,0,2,1
2038,Retail,North,126,1,4,5,0
2039,Distributor,South,276,1,1,2,1
2040,Retail,East,108,2,2,4,0
2041,Distributor,Central,494,0,0,0,1
2042,Distributor,North,307,0,0,0,1
2043,E-commerce,South,406,1,3,4,0
2044,Distributor,South,173,0,2,2,1
2045,Distributor,East,385,2,1,3,0
2046,E-commerce,North,150,4,1,5,0
2047,Distributor,Central,277,2,3,5,0
2048,E-commerce,South,46,4,1,5,0
2049,E-commerce,North,83,2,1,3,0
2050,Distributor,Central,82,6,1,7,0
2051,Distributor,South,317,0,2,2,1
2052,Retail,South,208,1,2,3,0
2053,E-commerce,Central,139,1,2,3,0
2054,Retail,Central,255,4,3,7,0
2055,Distributor,East,321,2,0,2,1
2056,Retail,North,69,2,1,3,0
2057,E-commerce,North,288,2,2,4,0
2058,Retail,East,112,1,2,3,0
2059,E-commerce,South,305,0,0,0,1
2060,Distributor,Central,329,1,0,1,1
2061,Distributor,Central,496,1,0,1,1
2062,E-commerce,Central,350,2,0,2,1
2063,Distributor,South,160,1,0,1,1
2064,Distributor,Central,166,4,1,5,0
2065,Distributor,Central,215,2,0,2,1
2066,Distributor,East,483,1,0,1,1
2067,E-commerce,South,188,0,1,1,1
2068,Retail,North,206,1,0,1,1
2069,Retail,East,232,3,2,5,0
2070,Distributor,East,98,2,1,3,0
2071,Retail,North,296,2,0,2,1
2072,Retail,East,443,3,3,6,0
2073,Distributor,South,285,1,2,3,0
2074,Distributor,Central,245,4,1,5,0
2075,Retail,South,192,4,1,5,0
2076,E-commerce,North,218,2,0,2,1
2077,Distributor,North,139,3,2,5,0
2078,E-commerce,East,162,3,2,5,0
2079,Retail,South,22,1,1,2,1
2080,Distributor,South,131,2,2,4,0
2081,E-commerce,North,368,0,1,1,1
2082,Distributor,South,229,1,0,1,1
2083,Retail,North,115,0,1,1,1
2084,E-commerce,South,384,0,1,1,1
2085,Retail,South,79,2,1,3,0
2086,Retail,South,204,1,0,1,1
2087,Distributor,North,195,2,0,2,1
2088,E-commerce,East,108,1,1,2,1
2089,Retail,South,91,3,0,3,0
2090,Retail,North,84,3,3,6,0
2091,E-commerce,North,383,2,1,3,0
2092,Retail,South,349,1,1,2,1
2093,Retail,South,201,1,0,1,1
2094,E-commerce,East,334,0,1,1,1
2095,E-commerce,North,476,0,1,1,1
2096,E-commerce,North,223,3,2,5,0
2097,E-commerce,Central,324,3,0,3,0
2098,Distributor,North,453,3,1,4,0
2099,E-commerce,East,476,0,2,2,1
2100,Distributor,Central,391,2,1,3,0
2101,Distributor,Central,376,1,1,2,1
2102,Distributor,Central,327,1,2,3,0
2103,Retail,South,153,3,0,3,0
2104,Distributor,South,393,2,2,4,0
2105,Distributor,North,225,2,0,2,1
2106,Retail,Central,370,1,1,2,1
2107,Retail,East,333,2,0,2,1
2108,Retail,South,24,2,0,2,1
2109,E-commerce,East,226,0,1,1,1
2110,Retail,East,448,2,2,4,0
2111,Retail,South,44,1,1,2,1
2112,Distributor,South,192,0,1,1,1
2113,Retail,South,279,3,1,4,0
2114,E-commerce,South,442,0,0,0,1
2115,Retail,Central,476,1,0,1,1
2116,E-commerce,Central,367,1,0,1,1
2117,Retail,Central,109,1,1,2,1
2118,Retail,Central,16,4,0,4,0
2119,Retail,North,39,1,1,2,1
2120,Retail,Central,476,1,2,3,0
2121,E-commerce,South,314,3,0,3,0
2122,E-commerce,East,482,2,2,4,0
2123,Distributor,Central,153,0,2,2,1
2124,E-commerce,North,120,0,1,1,1
2125,Retail,South,241,3,1,4,0
2126,Distributor,East,188,1,1,2,1
2127,Distributor,East,81,1,0,1,1
2128,Distributor,Central,219,0,3,3,0
2129,Retail,East,229,2,0,2,1
2130,E-commerce,Central,89,2,0,2,1
2131,Retail,Central,92,1,1,2,1
2132,Distributor,South,51,3,1,4,0
2133,Retail,South,282,6,3,9,0
2134,Retail,North,200,1,1,2,1
2135,E-commerce,South,182,3,0,3,0
2136,E-commerce,South,470,0,0,0,1
2137,Distributor,Central,16,1,1,2,1
2138,Retail,South,164,2,1,3,0
2139,Retail,Central,19,0,1,1,1
2140,E-commerce,Central,43,1,1,2,1
2141,Retail,South,45,2,3,5,0
2142,Retail,North,418,1,1,2,1
2143,Retail,North,15,1,1,2,1
2144,E-commerce,East,417,1,1,2,1
2145,Distributor,East,411,0,1,1,1
2146,Distributor,South,224,0,0,0,1
2147,Retail,North,143,3,1,4,0
2148,Distributor,Central,294,0,2,2,1
2149,E-commerce,East,135,0,1,1,1
2150,E-commerce,Central,418,3,0,3,0
2151,Distributor,East,448,0,1,1,1
2152,Distributor,South,346,2,0,2,1
2153,Retail,North,183,4,2,6,0
2154,Distributor,East,161,1,2,3,0
2155,Retail,North,340,1,1,2,1
2156,Retail,Central,35,3,4,7,0
2157,E-commerce,South,392,0,0,0,1
2158,E-commerce,North,124,3,0,3,0
2159,E-commerce,South,391,2,3,5,0
2160,E-commerce,North,491,2,3,5,0
2161,Distributor,Central,293,0,1,1,1
2162,E-commerce,Central,396,1,2,3,0
2163,Distributor,South,84,4,0,4,0
2164,E-commerce,Central,175,1,0,1,1
2165,Distributor,East,198,0,1,1,1
2166,Retail,North,87,2,1,3,0
2167,Distributor,Central,444,1,2,3,0
2168,Distributor,East,99,1,2,3,0
2169,E-commerce,South,185,3,1,4,0
2170,Distributor,East,30,0,1,1,1
2171,Retail,South,63,4,0,4,0
2172,Retail,South,193,0,2,2,1
2173,E-commerce,North,368,2,3,5,0
2174,Retail,North,231,2,2,4,0
2175,Distributor,East,324,0,1,1,1
2176,Retail,North,337,4,0,4,0
2177,E-commerce,North,188,0,0,0,1
2178,Distributor,North,285,1,0,1,1
2179,E-commerce,East,121,2,0,2,1
2180,Distributor,Central,233,0,1,1,1
2181,Retail,North,223,1,1,2,1
2182,E-commerce,North,68,1,0,1,1
2183,E-commerce,East,336,1,1,2,1
2184,Distributor,Central,402,2,0,2,1
2185,E-commerce,North,118,1,3,4,0
2186,Distributor,South,394,0,3,3,0
2187,Distributor,East,166,0,4,4,0
2188,Distributor,North,200,4,1,5,0
2189,Distributor,North,209,1,2,3,0
2190,Retail,South,321,1,0,1,1
2191,Distributor,South,205,1,1,2,1
2192,E-commerce,East,44,1,1,2,1
2193,Retail,East,388,3,0,3,0
2194,E-commerce,South,396,0,0,0,1
2195,Retail,East,255,2,1,3,0
2196,Distributor,South,246,2,1,3,0
2197,Retail,North,113,1,1,2,1
2198,Retail,South,16,3,0,3,0
2199,E-commerce,South,292,2,1,3,0
2200,E-commerce,Central,10,1,0,1,1
2201,Distributor,South,228,1,2,3,0
2202,Retail,South,473,1,0,1,1
2203,Retail,Central,239,2,1,3,0
2204,Retail,East,464,3,0,3,0
2205,Distributor,Central,181,1,0,1,1
2206,Distributor,North,96,2,2,4,0
2207,Distributor,Central,50,2,0,2,1
2208,Distributor,North,132,0,0,0,1
2209,Distributor,East,340,3,1,4,0
2210,E-commerce,Central,307,0,1,1,1
2211,Retail,Central,382,1,0,1,1
2212,Retail,East,426,1,0,1,1
2213,Retail,North,187,1,3,4,0
2214,Retail,Central,72,2,0,2,1
2215,Retail,North,493,1,1,2,1
2216,Retail,Central,174,5,1,6,0
2217,Retail,South,498,0,0,0,1
2218,Retail,Central,196,1,0,1,1
2219,E-commerce,East,392,1,1,2,1
2220,Retail,East,218,1,1,2,1
2221,E-commerce,North,236,1,1,2,1
2222,Distributor,Central,441,2,0,2,1
2223,Retail,North,398,2,2,4,0
2224,Distributor,North,57,1,1,2,1
2225,Distributor,South,233,1,2,3,0
2226,Distributor,South,12,4,2,6,0
2227,E-commerce,East,381,2,0,2,1
2228,Distributor,North,184,1,0,1,1
2229,Distributor,East,455,1,2,3,0
2230,Distributor,Central,108,1,0,1,1
2231,Retail,North,125,0,2,2,1
2232,Retail,North,279,0,2,2,1
2233,E-commerce,Central,456,3,0,3,0
2234,E-commerce,Central,377,2,2,4,0
2235,Retail,East,262,1,1,2,1
2236,E-commerce,East,326,1,0,1,1
2237,Retail,Central,424,1,1,2,1
2238,Distributor,East,104,3,1,4,0
2239,Distributor,Central,282,0,0,0,1
2240,E-commerce,North,389,1,0,1,1
2241,Retail,North,33,1,0,1,1
2242,Retail,South,125,0,1,1,1
2243,E-commerce,North,160,1,2,3,0
2244,Retail,Central,347,0,1,1,1
2245,Distributor,East,59,0,0,0,1
2246,E-commerce,South,215,0,2,2,1
2247,E-commerce,East,344,1,1,2,1
2248,Retail,Central,88,2,0,2,1
2249,E-commerce,North,79,1,1,2,1
2250,Retail,South,36,1,2,3,0
2251,Retail,Central,280,1,0,1,1
2252,Retail,South,59,1,0,1,1
2253,Retail,South,301,2,0,2,1
2254,Retail,North,256,2,0,2,1
2255,E-commerce,Central,273,0,3,3,0
2256,Distributor,East,88,3,2,5,0
2257,Distributor,South,396,3,1,4,0
2258,E-commerce,South,199,0,3,3,0
2259,E-commerce,East,56,1,1,2,1
2260,Distributor,Central,470,4,2,6,0
2261,Distributor,South,370,1,2,3,0
2262,Distributor,South,363,1,2,3,0
2263,Distributor,South,481,1,1,2,1
2264,Distributor,Central,497,1,1,2,1
2265,Retail,Central,361,1,0,1,1
2266,E-commerce,East,198,1,0,1,1
2267,Retail,Central,425,2,0,2,1
2268,Distributor,Central,265,1,0,1,1
2269,Distributor,North,231,0,1,1,1
2270,Distributor,East,381,1,0,1,1
2271,Retail,South,250,0,0,0,1
2272,Retail,Central,278,0,0,0,1
2273,Distributor,South,10,3,0,3,0
2274,Retail,South,43,1,0,1,1
2275,Retail,North,455,0,1,1,1
2276,Distributor,Central,88,1,2,3,0
2277,Retail,East,245,3,0,3,0
2278,E-commerce,Central,343,2,0,2,1
2279,E-commerce,South,386,1,0,1,1
2280,E-commerce,East,358,1,0,1,1
2281,E-commerce,Central,107,1,1,2,1
2282,Distributor,South,91,1,1,2,1
2283,Distributor,South,464,2,2,4,0
2284,Distributor,North,486,3,0,3,0
2285,E-commerce,North,424,2,2,4,0
2286,E-commerce,North,201,0,0,0,1
2287,Retail,South,262,1,1,2,1
2288,Retail,Central,418,0,2,2,1
2289,E-commerce,North,47,2,0,2,1
2290,E-commerce,Central,23,3,0,3,0
2291,E-commerce,North,401,0,2,2,1
2292,E-commerce,East,356,0,2,2,1
2293,Retail,East,319,1,0,1,1
2294,E-commerce,North,395,2,0,2,1
2295,Retail,South,218,1,0,1,1
2296,E-commerce,North,366,2,0,2,1
2297,E-commerce,North,471,3,2,5,0
2298,E-commerce,South,98,1,1,2,1
2299,Retail,East,65,3,0,3,0
2300,Retail,Central,103,0,0,0,1
2301,Distributor,North,102,0,0,0,1
2302,E-commerce,South,349,1,1,2,1
2303,Distributor,North,94,0,0,0,1
2304,Distributor,South,454,3,1,4,0
2305,Retail,Central,254,2,2,4,0
2306,Retail,Central,31,0,0,0,1
2307,Distributor,East,300,2,1,3,0
2308,E-commerce,South,494,1,2,3,0
2309,Retail,South,281,0,2,2,1
2310,E-commerce,East,315,4,2,6,0
2311,E-commerce,East,131,1,1,2,1
2312,Distributor,South,137,1,1,2,1
2313,Distributor,East,122,0,1,1,1
2314,Distributor,Central,436,2,0,2,1
2315,Distributor,North,282,1,1,2,1
2316,Retail,Central,345,0,0,0,1
2317,Retail,East,451,3,0,3,0
2318,Distributor,South,139,0,0,0,1
2319,Retail,South,141,3,1,4,0
2320,Distributor,Central,94,4,0,4,0
2321,E-commerce,South,432,3,0,3,0
2322,E-commerce,East,491,2,0,2,1
2323,E-commerce,Central,359,0,0,0,1
2324,Distributor,South,399,3,1,4,0
2325,E-commerce,North,90,1,0,1,1
2326,Retail,North,496,0,2,2,1
2327,E-commerce,East,482,3,0,3,0
2328,E-commerce,South,334,1,1,2,1
2329,E-commerce,East,78,0,1,1,1
2330,Retail,Central,157,4,2,6,0
2331,Distributor,North,457,1,0,1,1
2332,Retail,Central,25,0,1,1,1
2333,Distributor,South,316,2,0,2,1
2334,Distributor,East,114,0,1,1,1
2335,E-commerce,East,174,2,0,2,1
2336,Distributor,East,497,1,2,3,0
2337,Retail,Central,210,1,0,1,1
2338,Retail,North,206,0,0,0,1
2339,Distributor,Central,435,3,0,3,0
2340,E-commerce,Central,194,0,1,1,1
2341,E-commerce,South,331,1,1,2,1
2342,Retail,South,274,0,3,3,0
2343,E-commerce,South,372,2,3,5,0
2344,Distributor,North,109,1,0,1,1
2345,Distributor,North,351,1,0,1,1
2346,Retail,South,329,2,0,2,1
2347,Distributor,South,223,3,2,5,0
2348,Retail,North,287,1,0,1,1
2349,Distributor,East,171,5,0,5,0
2350,Retail,North,448,2,0,2,1
2351,E-commerce,North,166,1,1,2,1
2352,Distributor,North,431,0,0,0,1
2353,Distributor,South,260,2,1,3,0
2354,Retail,East,375,3,1,4,0
2355,Retail,North,106,4,1,5,0
2356,Distributor,South,27,1,0,1,1
2357,Retail,Central,336,1,2,3,0
2358,Distributor,Central,458,1,0,1,1
2359,E-commerce,North,392,0,1,1,1
2360,Retail,Central,106,1,2,3,0
2361,Distributor,East,10,3,2,5,0
2362,E-commerce,Central,225,1,1,2,1
2363,E-commerce,Central,141,1,0,1,1
2364,Distributor,East,269,3,1,4,0
2365,Retail,North,134,1,2,3,0
2366,Distributor,North,91,1,1,2,1
2367,E-commerce,East,292,1,0,1,1
2368,Distributor,East,180,4,0,4,0
2369,Retail,East,68,4,3,7,0
2370,E-commerce,Central,41,0,0,0,1
2371,Distributor,East,170,1,0,1,1
2372,Retail,South,293,3,0,3,0
2373,E-commerce,Central,115,1,1,2,1
2374,Retail,North,114,1,1,2,1
2375,E-commerce,North,448,2,1,3,0
2376,Distributor,North,237,1,1,2,1
2377,Retail,Central,197,1,1,2,1
2378,E-commerce,South,79,1,1,2,1
2379,Retail,East,327,1,0,1,1
2380,Retail,East,473,2,1,3,0
2381,Distributor,North,299,2,1,3,0
2382,Retail,North,96,0,1,1,1
2383,E-commerce,Central,379,1,1,2,1
2384,E-commerce,South,371,0,0,0,1
2385,E-commerce,East,481,1,1,2,1
2386,E-commerce,Central,65,1,1,2,1
2387,Distributor,East,122,2,3,5,0
2388,Retail,North,22,0,1,1,1
2389,Distributor,East,449,2,1,3,0
2390,Retail,South,27,2,1,3,0
2391,Retail,South,191,4,0,4,0
2392,Retail,North,470,2,1,3,0
2393,Distributor,South,122,1,4,5,0
2394,Retail,South,238,0,0,0,1
2395,Distributor,Central,180,1,1,2,1
2396,E-commerce,East,304,1,0,1,1
2397,E-commerce,North,198,1,1,2,1
2398,Retail,North,435,0,0,0,1
2399,Distributor,North,474,1,1,2,1
2400,E-commerce,North,88,1,0,1,1
2401,Distributor,North,155,4,0,4,0
2402,Distributor,South,416,2,2,4,0
2403,Retail,Central,191,0,0,0,1
2404,E-commerce,North,295,0,2,2,1
2405,Retail,Central,259,2,1,3,0
2406,Retail,Central,363,1,1,2,1
2407,E-commerce,South,323,1,0,1,1
2408,E-commerce,North,205,4,1,5,0
2409,Distributor,South,332,0,1,1,1
2410,E-commerce,North,80,3,3,6,0
2411,Distributor,South,257,0,0,0,1
2412,Distributor,Central,155,1,1,2,1
2413,Distributor,North,115,0,0,0,1
2414,E-commerce,East,272,2,0,2,1
2415,Retail,Central,305,2,0,2,1
2416,Distributor,East,79,2,0,2,1
2417,Retail,Central,479,3,0,3,0
2418,Retail,South,202,4,0,4,0
2419,E-commerce,North,77,3,1,4,0
2420,Retail,Central,314,4,1,5,0
2421,Retail,South,61,5,0,5,0
2422,E-commerce,North,379,1,2,3,0
2423,Distributor,North,372,2,0,2,1
2424,Retail,Central,294,0,0,0,1
2425,E-commerce,North,414,0,0,0,1
2426,Retail,Central,483,0,0,0,1
2427,Retail,North,343,0,0,0,1
2428,Distributor,East,18,1,0,1,1
2429,Retail,South,260,0,1,1,1
2430,E-commerce,East,440,0,1,1,1
2431,Retail,Central,341,2,1,3,0
2432,Distributor,East,307,2,1,3,0
2433,Distributor,Central,444,1,1,2,1
2434,E-commerce,North,193,1,1,2,1
2435,Distributor,North,188,1,1,2,1
2436,Retail,Central,207,2,1,3,0
2437,Distributor,East,137,1,0,1,1
2438,E-commerce,North,29,1,2,3,0
2439,Distributor,South,481,0,2,2,1
2440,Distributor,North,420,2,0,2,1
2441,Distributor,South,431,0,0,0,1
2442,E-commerce,East,337,1,1,2,1
2443,Distributor,South,74,1,1,2,1
2444,Distributor,South,191,1,1,2,1
2445,Retail,South,250,0,1,1,1
2446,E-commerce,South,378,1,1,2,1
2447,Distributor,North,33,2,1,3,0
2448,E-commerce,South,393,1,1,2,1
2449,Distributor,North,440,4,0,4,0
2450,Distributor,South,464,1,2,3,0
2451,Distributor,Central,92,1,1,2,1
2452,Retail,East,479,3,1,4,0
2453,Retail,South,328,3,2,5,0
2454,Retail,Central,194,1,2,3,0
2455,E-commerce,South,448,1,4,5,0
2456,E-commerce,South,325,0,2,2,1
2457,Retail,South,108,2,1,3,0
2458,E-commerce,Central,71,0,2,2,1
2459,Distributor,East,295,2,1,3,0
2460,Distributor,Central,486,0,0,0,1
2461,Distributor,East,31,0,1,1,1
2462,Retail,South,468,2,3,5,0
2463,E-commerce,North,221,1,1,2,1
2464,Retail,South,135,2,1,3,0
2465,E-commerce,East,422,2,0,2,1
2466,Distributor,Central,434,2,0,2,1
2467,Retail,South,51,3,0,3,0
2468,E-commerce,Central,107,1,1,2,1
2469,E-commerce,Central,458,2,1,3,0
2470,Distributor,Central,40,2,1,3,0
2471,Retail,South,167,1,0,1,1
2472,Retail,Central,121,2,0,2,1
2473,Retail,Central,411,1,2,3,0
2474,Distributor,South,256,3,0,3,0
2475,Retail,Central,131,2,0,2,1
2476,Distributor,South,282,2,1,3,0
2477,Distributor,East,303,2,3,5,0
2478,Distributor,East,407,1,0,1,1
2479,E-commerce,East,480,0,1,1,1
2480,Retail,Central,482,1,1,2,1
2481,Retail,North,216,4,0,4,0
2482,Distributor,North,119,1,1,2,1
2483,Distributor,Central,449,1,0,1,1
2484,Retail,North,287,1,0,1,1
2485,Distributor,South,460,0,0,0,1
2486,Retail,North,65,0,1,1,1
2487,E-commerce,Central,384,3,2,5,0
2488,Distributor,Central,412,0,4,4,0
2489,Retail,South,66,1,1,2,1
2490,Distributor,East,437,1,1,2,1
2491,Retail,Central,491,2,0,2,1
2492,Retail,South,300,1,0,1,1
2493,Distributor,North,123,2,2,4,0
2494,E-commerce,North,390,1,0,1,1
2495,Retail,South,394,0,1,1,1
2496,Retail,South,317,0,1,1,1
2497,Retail,Central,350,2,0,2,1
2498,E-commerce,North,486,3,1,4,0
2499,E-commerce,South,207,2,0,2,1
2500,Distributor,North,430,0,0,0,1
2501,E-commerce,South,330,0,2,2,1
2502,Distributor,North,188,3,4,7,0
2503,Distributor,East,394,3,0,3,0
2504,E-commerce,Central,228,1,2,3,0
2505,Distributor,North,286,2,1,3,0
2506,E-commerce,East,446,1,1,2,1
2507,Distributor,North,25,1,0,1,1
2508,E-commerce,North,388,2,1,3,0
2509,E-commerce,East,70,2,1,3,0
2510,Distributor,North,63,4,1,5,0
2511,Retail,North,177,3,0,3,0
2512,Distributor,Central,35,2,0,2,1
2513,E-commerce,East,345,1,0,1,1
2514,Retail,East,485,3,1,4,0
2515,Distributor,South,74,0,1,1,1
2516,Distributor,North,109,3,1,4,0
2517,Distributor,Central,83,1,1,2,1
2518,Retail,North,201,0,2,2,1
2519,E-commerce,North,180,2,3,5,0
2520,Distributor,South,282,1,0,1,1
2521,Distributor,North,386,0,1,1,1
2522,Distributor,Central,196,0,4,4,0
2523,Distributor,Central,32,1,1,2,1
2524,Distributor,South,400,1,0,1,1
2525,E-commerce,North,437,1,1,2,1
2526,E-commerce,Central,190,3,3,6,0
2527,Distributor,North,336,1,3,4,0
2528,Retail,North,117,0,1,1,1
2529,E-commerce,North,344,2,3,5,0
2530,Retail,South,171,3,2,5,0
2531,E-commerce,North,311,1,1,2,1
2532,Distributor,Central,461,3,0,3,0
2533,E-commerce,North,215,1,3,4,0
2534,Distributor,Central,87,3,1,4,0
2535,E-commerce,North,25,1,1,2,1
2536,Distributor,Central,336,4,1,5,0
2537,Distributor,Central,105,2,2,4,0
2538,Distributor,North,156,2,1,3,0
2539,Distributor,North,11,3,1,4,0
2540,Retail,Central,19,1,2,3,0
2541,Distributor,East,443,1,0,1,1
2542,Retail,South,134,1,2,3,0
2543,Retail,East,90,3,2,5,0
2544,Distributor,East,494,1,0,1,1
2545,Retail,North,149,1,3,4,0
2546,E-commerce,South,335,4,0,4,0
2547,Distributor,East,159,1,1,2,1
2548,Retail,North,297,0,0,0,1
2549,Distributor,East,370,2,1,3,0
2550,Distributor,East,349,2,1,3,0
2551,Distributor,North,138,3,0,3,0
2552,Retail,North,447,1,1,2,1
2553,E-commerce,North,248,2,1,3,0
2554,E-commerce,South,67,1,0,1,1
2555,Retail,East,207,1,0,1,1
2556,Distributor,North,220,1,0,1,1
2557,Retail,Central,411,1,0,1,1
2558,Retail,East,399,2,1,3,0
2559,Retail,Central,54,2,0,2,1
2560,Distributor,South,106,1,1,2,1
2561,Retail,North,288,2,1,3,0
2562,Distributor,Central,32,3,0,3,0
2563,Retail,South,419,0,2,2,1
2564,E-commerce,North,470,1,1,2,1
2565,Retail,Central,400,0,0,0,1
2566,Retail,Central,344,3,1,4,0
2567,E-commerce,South,53,5,1,6,0
2568,Distributor,North,36,0,3,3,0
2569,Distributor,North,291,2,2,4,0
2570,Retail,Central,106,0,3,3,0
2571,E-commerce,Central,472,3,2,5,0
2572,Distributor,Central,45,2,2,4,0
2573,Retail,North,118,0,0,0,1
2574,E-commerce,South,64,3,0,3,0
2575,Distributor,South,201,0,4,4,0
2576,Distributor,North,228,2,0,2,1
2577,E-commerce,East,194,0,0,0,1
2578,E-commerce,South,78,4,0,4,0
2579,E-commerce,Central,326,3,0,3,0
2580,E-commerce,East,139,1,5,6,0
2581,Retail,East,64,1,1,2,1
2582,E-commerce,South,387,1,1,2,1
2583,Distributor,East,106,0,2,2,1
2584,Distributor,East,345,0,0,0,1
2585,Retail,South,96,2,1,3,0
2586,Distributor,South,303,2,0,2,1
2587,Distributor,East,128,2,0,2,1
2588,E-commerce,Central,217,0,1,1,1
2589,Distributor,North,343,0,2,2,1
2590,Retail,East,422,1,0,1,1
2591,E-commerce,East,163,1,2,3,0
2592,E-commerce,Central,44,0,0,0,1
2593,Retail,East,88,4,0,4,0
2594,E-commerce,East,76,2,1,3,0
2595,E-commerce,North,352,1,0,1,1
2596,Retail,North,422,1,0,1,1
2597,E-commerce,North,43,1,2,3,0
2598,Retail,South,106,0,0,0,1
2599,Retail,South,178,0,0,0,1
2600,Distributor,North,178,0,1,1,1
2601,Distributor,North,160,1,1,2,1
2602,E-commerce,South,80,0,0,0,1
2603,E-commerce,Central,12,4,1,5,0
2604,Retail,East,323,0,2,2,1
2605,E-commerce,East,41,1,2,3,0
2606,Retail,North,296,2,0,2,1
2607,Retail,Central,91,2,4,6,0
2608,E-commerce,South,52,2,3,5,0
2609,Retail,North,400,1,0,1,1
2610,Distributor,Central,114,4,1,5,0
2611,E-commerce,Central,10,3,1,4,0
2612,Distributor,Central,70,0,0,0,1
2613,E-commerce,South,279,1,4,5,0
2614,Retail,South,189,1,2,3,0
2615,E-commerce,East,233,1,0,1,1
2616,Distributor,East,15,4,1,5,0
2617,Retail,Central,112,0,0,0,1
2618,E-commerce,Central,19,4,1,5,0
2619,E-commerce,South,80,0,0,0,1
2620,E-commerce,East,99,2,2,4,0
2621,Distributor,Central,235,1,1,2,1
2622,Distributor,East,167,1,1,2,1
2623,E-commerce,East,237,3,0,3,0
2624,Retail,Central,414,1,3,4,0
2625,Retail,South,135,2,1,3,0
2626,Distributor,Central,453,0,0,0,1
2627,Retail,Central,218,0,2,2,1
2628,Distributor,East,106,1,1,2,1
2629,E-commerce,Central,83,4,0,4,0
2630,Distributor,South,124,4,0,4,0
2631,Distributor,Central,200,1,2,3,0
2632,E-commerce,South,179,1,1,2,1
2633,Retail,South,316,1,1,2,1
2634,Distributor,East,457,3,1,4,0
2635,Distributor,North,213,0,1,1,1
2636,E-commerce,North,65,0,0,0,1
2637,Retail,East,217,2,5,7,0
2638,Distributor,Central,50,3,0,3,0
2639,E-commerce,East,41,0,0,0,1
2640,Distributor,South,24,1,1,2,1
2641,E-commerce,North,71,1,1,2,1
2642,Retail,East,164,0,1,1,1
2643,Retail,Central,293,4,1,5,0
2644,Retail,East,218,0,1,1,1
2645,Retail,North,329,0,2,2,1
2646,Distributor,East,196,1,1,2,1
2647,Distributor,East,451,0,1,1,1
2648,Retail,North,139,1,2,3,0
2649,Retail,South,136,1,1,2,1
2650,Retail,South,301,1,0,1,1
2651,Distributor,North,123,1,1,2,1
2652,Retail,East,208,2,3,5,0
2653,Retail,North,22,2,0,2,1
2654,Retail,South,280,0,2,2,1
2655,E-commerce,Central,98,0,1,1,1
2656,Retail,East,224,0,2,2,1
2657,E-commerce,South,453,0,0,0,1
2658,E-commerce,East,287,4,1,5,0
2659,Retail,North,456,1,1,2,1
2660,E-commerce,Central,483,2,4,6,0
2661,Retail,North,490,1,2,3,0
2662,Distributor,Central,212,0,1,1,1
2663,Distributor,East,83,2,1,3,0
2664,Distributor,East,34,1,1,2,1
2665,Distributor,North,110,0,0,0,1
2666,E-commerce,Central,185,2,0,2,1
2667,Retail,Central,436,2,0,2,1
2668,Retail,East,126,0,1,1,1
2669,Retail,North,175,1,0,1,1
2670,Distributor,Central,50,2,4,6,0
2671,Distributor,East,438,0,0,0,1
2672,Retail,South,353,1,0,1,1
2673,Distributor,North,433,3,2,5,0
2674,Retail,South,375,5,0,5,0
2675,Retail,North,129,2,1,3,0
2676,Retail,East,106,0,2,2,1
2677,Retail,Central,154,1,1,2,1
2678,Retail,Central,225,2,2,4,0
2679,Retail,Central,238,2,3,5,0
2680,Retail,North,322,3,0,3,0
2681,Distributor,East,139,2,1,3,0
2682,Retail,South,361,3,1,4,0
2683,Retail,East,386,4,0,4,0
2684,Distributor,South,327,2,1,3,0
2685,Distributor,North,481,0,0,0,1
2686,Distributor,North,146,1,0,1,1
2687,Retail,South,333,0,0,0,1
2688,E-commerce,South,346,0,1,1,1
2689,E-commerce,South,282,1,2,3,0
2690,Distributor,East,126,2,0,2,1
2691,E-commerce,South,315,1,2,3,0
2692,Distributor,North,377,3,0,3,0
2693,Retail,North,103,3,0,3,0
2694,E-commerce,Central,177,2,1,3,0
2695,Retail,South,451,0,1,1,1
2696,E-commerce,East,212,3,1,4,0
2697,Retail,East,350,1,1,2,1
2698,E-commerce,East,158,3,0,3,0
2699,Retail,Central,411,3,2,5,0
2700,Retail,North,192,2,1,3,0
2701,E-commerce,East,422,1,1,2,1
2702,Retail,North,161,2,0,2,1
2703,Retail,Central,83,0,5,5,0
2704,Retail,South,374,3,3,6,0
2705,E-commerce,South,410,1,2,3,0
2706,E-commerce,South,283,1,1,2,1
2707,Retail,East,51,1,0,1,1
2708,Retail,South,221,5,0,5,0
2709,E-commerce,East,110,2,0,2,1
2710,E-commerce,Central,54,0,0,0,1
2711,Retail,Central,91,2,0,2,1
2712,Retail,East,26,1,1,2,1
2713,Retail,North,82,1,0,1,1
2714,Distributor,South,23,4,0,4,0
2715,E-commerce,South,442,4,1,5,0
2716,Distributor,South,166,1,0,1,1
2717,E-commerce,East,232,3,0,3,0
2718,E-commerce,Central,141,4,0,4,0
2719,E-commerce,South,347,3,1,4,0
2720,E-commerce,Central,413,1,1,2,1
2721,E-commerce,South,385,1,2,3,0
2722,E-commerce,South,385,2,0,2,1
2723,E-commerce,East,56,0,0,0,1
2724,Distributor,North,116,1,1,2,1
2725,Retail,East,117,1,1,2,1
2726,Retail,South,274,4,0,4,0
2727,Distributor,South,214,1,0,1,1
2728,Distributor,North,88,1,0,1,1
2729,Distributor,Central,164,1,0,1,1
2730,Distributor,Central,280,1,1,2,1
2731,E-commerce,South,485,3,0,3,0
2732,Retail,Central,494,1,2,3,0
2733,E-commerce,South,256,4,1,5,0
2734,Retail,North,28,0,0,0,1
2735,Retail,North,355,4,1,5,0
2736,Distributor,South,445,0,1,1,1
2737,E-commerce,North,35,0,2,2,1
2738,Distributor,East,226,0,1,1,1
2739,E-commerce,East,163,1,0,1,1
2740,Retail,North,163,2,1,3,0
2741,Distributor,South,183,0,1,1,1
2742,Distributor,South,101,0,1,1,1
2743,Retail,North,442,2,0,2,1
2744,Retail,Central,347,3,0,3,0
2745,Retail,East,489,3,1,4,0
2746,Distributor,Central,190,5,1,6,0
2747,E-commerce,South,140,0,0,0,1
2748,Distributor,South,459,1,0,1,1
2749,E-commerce,Central,490,1,0,1,1
2750,Distributor,North,307,0,4,4,0
2751,Distributor,Central,284,1,2,3,0
2752,Retail,Central,282,0,0,0,1
2753,E-commerce,East,426,1,1,2,1
2754,Distributor,East,85,0,0,0,1
2755,Distributor,Central,186,3,2,5,0
2756,Retail,Central,193,2,1,3,0
2757,Retail,South,328,0,1,1,1
2758,E-commerce,East,140,0,3,3,0
2759,Distributor,East,372,4,0,4,0
2760,E-commerce,South,58,2,4,6,0
2761,Distributor,North,64,2,0,2,1
2762,E-commerce,East,163,2,2,4,0
2763,Retail,East,364,0,0,0,1
2764,Distributor,North,209,3,2,5,0
2765,E-commerce,East,317,0,0,0,1
2766,Retail,East,365,2,0,2,1
2767,Retail,North,382,3,0,3,0
2768,E-commerce,North,127,0,4,4,0
2769,Distributor,Central,272,3,3,6,0
2770,Distributor,South,55,0,2,2,1
2771,Retail,South,311,3,0,3,0
2772,Distributor,North,365,4,3,7,0
2773,Distributor,North,409,0,0,0,1
2774,Distributor,East,417,0,2,2,1
2775,Retail,Central,198,3,2,5,0
2776,E-commerce,Central,319,2,1,3,0
2777,Distributor,North,327,2,2,4,0
2778,Retail,East,138,2,3,5,0
2779,Retail,East,58,2,1,3,0
2780,E-commerce,South,34,2,0,2,1
2781,Distributor,South,275,1,1,2,1
2782,Distributor,East,127,2,2,4,0
2783,E-commerce,South,473,1,1,2,1
2784,E-commerce,North,153,1,2,3,0
2785,Retail,East,451,0,0,0,1
2786,Retail,South,209,2,1,3,0
2787,E-commerce,Central,166,0,3,3,0
2788,Distributor,East,496,0,0,0,1
2789,Retail,East,357,3,2,5,0
2790,Retail,Central,143,4,2,6,0
2791,Distributor,North,409,0,2,2,1
2792,Retail,Central,157,3,0,3,0
2793,Distributor,East,345,1,2,3,0
2794,Distributor,North,80,1,2,3,0
2795,Distributor,South,242,0,1,1,1
2796,E-commerce,South,343,1,0,1,1
2797,E-commerce,South,308,0,0,0,1
2798,E-commerce,East,163,0,2,2,1
2799,Distributor,Central,99,0,0,0,1
2800,Distributor,North,343,0,0,0,1
2801,E-commerce,South,208,2,2,4,0
2802,Retail,North,170,2,2,4,0
2803,Distributor,East,35,1,0,1,1
2804,Retail,South,130,3,0,3,0
2805,Retail,East,310,2,2,4,0
2806,Distributor,Central,221,2,0,2,1
2807,Distributor,East,72,0,1,1,1
2808,Retail,East,460,1,0,1,1
2809,Retail,Central,445,0,2,2,1
2810,E-commerce,North,77,1,2,3,0
2811,E-commerce,Central,262,3,4,7,0
2812,Distributor,Central,419,2,1,3,0
2813,E-commerce,East,468,2,0,2,1
2814,E-commerce,North,11,1,1,2,1
2815,E-commerce,South,407,0,1,1,1
2816,E-commerce,Central,117,0,3,3,0
2817,Retail,North,295,2,2,4,0
2818,Distributor,Central,58,6,2,8,0
2819,E-commerce,Central,149,1,1,2,1
2820,Retail,Central,227,2,1,3,0
2821,Retail,Central,53,2,0,2,1
2822,Retail,East,426,1,1,2,1
2823,E-commerce,North,278,1,2,3,0
2824,E-commerce,North,87,1,1,2,1
2825,Distributor,North,225,1,0,1,1
2826,E-commerce,Central,391,2,1,3,0
2827,E-commerce,East,107,1,0,1,1
2828,Retail,Central,245,1,1,2,1
2829,Distributor,Central,291,0,0,0,1
2830,E-commerce,North,158,2,0,2,1
2831,E-commerce,Central,421,2,1,3,0
2832,Retail,South,313,0,0,0,1
2833,Retail,Central,493,1,0,1,1
2834,E-commerce,South,433,4,0,4,0
2835,Distributor,Central,75,1,1,2,1
2836,Distributor,East,243,1,1,2,1
2837,Retail,East,466,1,0,1,1
2838,Retail,North,96,3,0,3,0
2839,E-commerce,Central,88,2,0,2,1
2840,Retail,South,214,2,0,2,1
2841,E-commerce,South,288,1,0,1,1
2842,Distributor,Central,346,0,0,0,1
2843,Distributor,South,263,0,1,1,1
2844,E-commerce,East,313,1,0,1,1
2845,Retail,South,389,1,1,2,1
2846,Distributor,North,139,1,1,2,1
2847,Retail,East,93,3,0,3,0
2848,Distributor,East,285,2,0,2,1
2849,E-commerce,East,196,4,0,4,0
2850,E-commerce,Central,55,1,2,3,0
2851,E-commerce,Central,396,1,1,2,1
2852,Distributor,East,192,7,0,7,0
2853,Retail,Central,277,0,0,0,1
2854,Retail,South,305,8,1,9,0
2855,Retail,Central,331,3,2,5,0
2856,Distributor,Central,109,0,4,4,0
2857,Distributor,East,87,0,0,0,1
2858,Distributor,North,281,2,0,2,1
2859,Distributor,North,348,0,2,2,1
2860,Distributor,North,171,1,1,2,1
2861,Retail,South,53,1,2,3,0
2862,Distributor,Central,247,1,1,2,1
2863,Distributor,North,143,1,2,3,0
2864,Retail,East,470,1,0,1,1
2865,Distributor,North,201,0,1,1,1
2866,Retail,North,365,1,1,2,1
2867,Retail,Central,287,0,2,2,1
2868,E-commerce,Central,27,2,0,2,1
2869,E-commerce,Central,21,1,2,3,0
2870,E-commerce,South,189,1,0,1,1
2871,E-commerce,South,132,1,2,3,0
2872,Distributor,North,255,2,2,4,0
2873,E-commerce,Central,231,1,1,2,1
2874,Retail,North,382,2,0,2,1
2875,Distributor,East,60,1,0,1,1
2876,E-commerce,East,497,2,1,3,0
2877,Retail,Central,80,3,1,4,0
2878,Distributor,Central,489,1,0,1,1
2879,Distributor,East,57,2,1,3,0
2880,E-commerce,Central,28,0,0,0,1
2881,Distributor,South,271,3,2,5,0
2882,Retail,South,93,2,1,3,0
2883,Distributor,Central,164,0,1,1,1
2884,Retail,East,62,5,2,7,0
2885,Distributor,North,116,3,0,3,0
2886,E-commerce,Central,366,2,0,2,1
2887,Retail,Central,313,2,2,4,0
2888,Distributor,North,144,2,1,3,0
2889,Distributor,Central,452,3,1,4,0
2890,Distributor,North,78,1,0,1,1
2891,Retail,East,20,1,1,2,1
2892,Retail,South,152,1,1,2,1
2893,Retail,East,201,3,1,4,0
2894,E-commerce,South,396,1,1,2,1
2895,E-commerce,North,387,4,0,4,0
2896,Retail,South,78,0,0,0,1
2897,Distributor,East,32,1,0,1,1
2898,E-commerce,South,190,4,2,6,0
2899,Retail,North,302,1,0,1,1
2900,Distributor,South,18,1,0,1,1
2901,E-commerce,Central,280,2,1,3,0
2902,Distributor,East,396,0,2,2,1
2903,Distributor,Central,102,0,1,1,1
2904,Distributor,North,463,0,1,1,1
2905,Distributor,South,26,0,0,0,1
2906,E-commerce,Central,163,3,3,6,0
2907,E-commerce,Central,414,0,1,1,1
2908,E-commerce,South,337,5,0,5,0
2909,Retail,South,158,1,0,1,1
2910,E-commerce,East,386,0,2,2,1
2911,Distributor,Central,276,0,0,0,1
2912,E-commerce,Central,431,2,0,2,1
2913,Distributor,North,337,3,0,3,0
2914,Retail,East,115,2,1,3,0
2915,Distributor,North,481,2,2,4,0
2916,Distributor,Central,390,1,0,1,1
2917,Distributor,North,44,1,1,2,1
2918,Retail,Central,128,4,2,6,0
2919,E-commerce,Central,23,2,0,2,1
2920,E-commerce,North,23,5,0,5,0
2921,Retail,North,275,1,2,3,0
2922,Distributor,South,149,1,0,1,1
2923,E-commerce,South,303,1,2,3,0
2924,Retail,South,373,5,1,6,0
2925,E-commerce,Central,128,1,1,2,1
2926,Retail,North,247,2,2,4,0
2927,Distributor,East,43,0,1,1,1
2928,E-commerce,Central,178,1,2,3,0
2929,Retail,East,19,2,0,2,1
2930,E-commerce,North,131,1,1,2,1
2931,E-commerce,Central,410,0,1,1,1
2932,E-commerce,East,154,2,2,4,0
2933,E-commerce,East,460,0,0,0,1
2934,Retail,South,455,1,0,1,1
2935,Distributor,South,232,1,0,1,1
2936,Retail,South,380,0,0,0,1
2937,Retail,Central,266,0,2,2,1
2938,Retail,North,277,4,1,5,0
2939,Distributor,North,368,2,0,2,1
2940,E-commerce,South,13,2,2,4,0
2941,E-commerce,South,435,3,0,3,0
2942,E-commerce,South,406,0,1,1,1
2943,Distributor,East,363,1,2,3,0
2944,E-commerce,South,115,1,1,2,1
2945,Distributor,East,94,2,1,3,0
2946,E-commerce,North,223,1,0,1,1
2947,E-commerce,Central,130,1,0,1,1
2948,Retail,Central,141,1,0,1,1
2949,Distributor,Central,347,2,2,4,0
2950,Retail,Central,206,1,1,2,1
2951,Retail,East,28,2,2,4,0
2952,Retail,East,139,2,0,2,1
2953,Distributor,South,21,0,1,1,1
2954,Distributor,East,90,7,1,8,0
2955,E-commerce,South,339,1,1,2,1
2956,Retail,South,363,2,0,2,1
2957,E-commerce,Central,271,0,0,0,1
2958,Retail,East,401,0,0,0,1
2959,Distributor,East,134,3,2,5,0
2960,Distributor,South,316,1,1,2,1
2961,Distributor,South,276,2,2,4,0
2962,Retail,North,456,1,2,3,0
2963,Distributor,North,450,1,1,2,1
2964,Retail,South,392,3,0,3,0
2965,E-commerce,North,149,1,2,3,0
2966,Retail,North,338,1,0,1,1
2967,E-commerce,South,11,2,3,5,0
2968,Retail,South,17,3,2,5,0
2969,E-commerce,East,259,1,1,2,1
2970,Distributor,South,148,3,0,3,0
2971,E-commerce,South,133,1,2,3,0
2972,Distributor,Central,318,0,0,0,1
2973,Distributor,East,237,1,3,4,0
2974,E-commerce,East,19,1,1,2,1
2975,Retail,East,478,3,1,4,0
2976,Retail,Central,221,3,1,4,0
2977,Retail,South,121,2,1,3,0
2978,Retail,East,17,4,3,7,0
2979,Retail,East,301,2,1,3,0
2980,Distributor,North,486,2,0,2,1
2981,Retail,East,371,0,0,0,1
2982,Distributor,South,469,2,3,5,0
2983,Distributor,South,262,4,0,4,0
2984,Distributor,North,23,2,1,3,0
2985,E-commerce,East,249,1,1,2,1
2986,E-commerce,East,447,2,2,4,0
2987,Distributor,East,251,0,3,3,0
2988,E-commerce,Central,478,2,2,4,0
2989,Retail,East,351,2,1,3,0
2990,Retail,South,158,2,2,4,0
2991,Distributor,South,245,4,1,5,0
2992,Retail,Central,315,1,2,3,0
2993,Distributor,Central,487,2,1,3,0
2994,Distributor,East,176,1,2,3,0
2995,Retail,North,29,0,4,4,0
2996,E-commerce,Central,225,1,0,1,1
2997,Retail,Central,352,1,0,1,1
2998,Retail,East,144,0,1,1,1
2999,Distributor,East,402,0,2,2,1
3000,Distributor,Central,138,3,3,6,0
